solid DCDC spacer
facet normal 0.0 0.0 -1.0
  outer loop
    vertex 28.41662417510696 101.70673993225807 2.255973186038318e-14
    vertex 64.03098352905187 98.00673993225807 2.1854740239746206e-14
    vertex 28.41662417510696 27.706739932258078 2.255973186038318e-14
  endloop
endfacet
facet normal 0.0 0.0 -1.0
  outer loop
    vertex 64.03098352905187 98.00673993225807 2.1854740239746206e-14
    vertex 28.41662417510696 101.70673993225807 2.255973186038318e-14
    vertex 64.28525332520849 98.33811078215655 2.1854740239746206e-14
  endloop
endfacet
facet normal 0.0 0.0 -1.0
  outer loop
    vertex 64.28525332520849 98.33811078215655 2.1854740239746206e-14
    vertex 28.41662417510696 101.70673993225807 2.255973186038318e-14
    vertex 64.61662417510696 98.59238057831317 2.1854740239746206e-14
  endloop
endfacet
facet normal 0.0 0.0 -1.0
  outer loop
    vertex 64.61662417510696 98.59238057831317 2.1854740239746206e-14
    vertex 28.41662417510696 101.70673993225807 2.255973186038318e-14
    vertex 65.00251370294293 98.75222125432057 2.1854740239746206e-14
  endloop
endfacet
facet normal 0.0 0.0 -1.0
  outer loop
    vertex 65.00251370294293 98.75222125432057 2.1854740239746206e-14
    vertex 28.41662417510696 101.70673993225807 2.255973186038318e-14
    vertex 65.41662417510696 98.80673993225807 2.1854740239746206e-14
  endloop
endfacet
facet normal 0.0 0.0 -1.0
  outer loop
    vertex 65.41662417510696 98.80673993225807 2.1854740239746206e-14
    vertex 28.41662417510696 101.70673993225807 2.255973186038318e-14
    vertex 102.41662417510696 101.70673993225807 2.255973186038318e-14
  endloop
endfacet
facet normal 0.0 0.0 -1.0
  outer loop
    vertex 28.41662417510696 27.706739932258078 2.255973186038318e-14
    vertex 64.03098352905187 98.00673993225807 2.1854740239746206e-14
    vertex 63.87114285304446 97.62085040442211 2.1854740239746206e-14
  endloop
endfacet
facet normal 0.0 0.0 -1.0
  outer loop
    vertex 28.41662417510696 27.706739932258078 2.255973186038318e-14
    vertex 63.87114285304446 97.62085040442211 2.1854740239746206e-14
    vertex 63.816624175106966 97.20673993225807 2.1854740239746206e-14
  endloop
endfacet
facet normal 0.0 0.0 -1.0
  outer loop
    vertex 65.41662417510696 98.80673993225807 2.1854740239746206e-14
    vertex 102.41662417510696 101.70673993225807 2.255973186038318e-14
    vertex 65.83073464727099 98.75222125432057 2.1854740239746206e-14
  endloop
endfacet
facet normal 0.0 0.0 -1.0
  outer loop
    vertex 65.83073464727099 98.75222125432057 2.1854740239746206e-14
    vertex 102.41662417510696 101.70673993225807 2.255973186038318e-14
    vertex 66.21662417510696 98.59238057831317 2.1854740239746206e-14
  endloop
endfacet
facet normal 0.0 0.0 -1.0
  outer loop
    vertex 66.21662417510696 98.59238057831317 2.1854740239746206e-14
    vertex 102.41662417510696 101.70673993225807 2.255973186038318e-14
    vertex 66.54799502500543 98.33811078215655 2.1854740239746206e-14
  endloop
endfacet
facet normal 0.0 0.0 -1.0
  outer loop
    vertex 66.54799502500543 98.33811078215655 2.1854740239746206e-14
    vertex 102.41662417510696 101.70673993225807 2.255973186038318e-14
    vertex 66.80226482116205 98.00673993225807 2.1854740239746206e-14
  endloop
endfacet
facet normal 0.0 0.0 -1.0
  outer loop
    vertex 66.80226482116205 98.00673993225807 2.1854740239746206e-14
    vertex 102.41662417510696 101.70673993225807 2.255973186038318e-14
    vertex 66.96210549716946 97.62085040442211 2.1854740239746206e-14
  endloop
endfacet
facet normal 0.0 0.0 -1.0
  outer loop
    vertex 66.96210549716946 97.62085040442211 2.1854740239746206e-14
    vertex 102.41662417510696 101.70673993225807 2.255973186038318e-14
    vertex 67.01662417510695 97.20673993225807 2.1854740239746206e-14
  endloop
endfacet
facet normal 0.0 0.0 -1.0
  outer loop
    vertex 67.01662417510695 97.20673993225807 2.1854740239746206e-14
    vertex 102.41662417510696 101.70673993225807 2.255973186038318e-14
    vertex 67.01662417510695 32.206739932258074 2.1854740239746206e-14
  endloop
endfacet
facet normal 0.0 0.0 -1.0
  outer loop
    vertex 28.41662417510696 27.706739932258078 2.255973186038318e-14
    vertex 65.41662417510696 30.60673993225808 2.1854740239746206e-14
    vertex 102.41662417510696 27.706739932258078 2.255973186038318e-14
  endloop
endfacet
facet normal 0.0 0.0 -1.0
  outer loop
    vertex 65.41662417510696 30.60673993225808 2.1854740239746206e-14
    vertex 28.41662417510696 27.706739932258078 2.255973186038318e-14
    vertex 65.00251370294293 30.66125861019557 2.1854740239746206e-14
  endloop
endfacet
facet normal 0.0 0.0 -1.0
  outer loop
    vertex 65.00251370294293 30.66125861019557 2.1854740239746206e-14
    vertex 28.41662417510696 27.706739932258078 2.255973186038318e-14
    vertex 64.61662417510696 30.821099286202976 2.1854740239746206e-14
  endloop
endfacet
facet normal 0.0 0.0 -1.0
  outer loop
    vertex 64.61662417510696 30.821099286202976 2.1854740239746206e-14
    vertex 28.41662417510696 27.706739932258078 2.255973186038318e-14
    vertex 64.28525332520849 31.0753690823596 2.1854740239746206e-14
  endloop
endfacet
facet normal 0.0 0.0 -1.0
  outer loop
    vertex 64.28525332520849 31.0753690823596 2.1854740239746206e-14
    vertex 28.41662417510696 27.706739932258078 2.255973186038318e-14
    vertex 64.03098352905187 31.406739932258077 2.1854740239746206e-14
  endloop
endfacet
facet normal 0.0 0.0 -1.0
  outer loop
    vertex 64.03098352905187 31.406739932258077 2.1854740239746206e-14
    vertex 28.41662417510696 27.706739932258078 2.255973186038318e-14
    vertex 63.87114285304446 31.792629460094044 2.1854740239746206e-14
  endloop
endfacet
facet normal 0.0 0.0 -1.0
  outer loop
    vertex 63.87114285304446 31.792629460094044 2.1854740239746206e-14
    vertex 28.41662417510696 27.706739932258078 2.255973186038318e-14
    vertex 63.816624175106966 32.206739932258074 2.1854740239746206e-14
  endloop
endfacet
facet normal 0.0 0.0 -1.0
  outer loop
    vertex 63.816624175106966 32.206739932258074 2.1854740239746206e-14
    vertex 28.41662417510696 27.706739932258078 2.255973186038318e-14
    vertex 63.816624175106966 97.20673993225807 2.1854740239746206e-14
  endloop
endfacet
facet normal 0.0 0.0 -1.0
  outer loop
    vertex 102.41662417510696 27.706739932258078 2.255973186038318e-14
    vertex 65.41662417510696 30.60673993225808 2.1854740239746206e-14
    vertex 65.83073464727099 30.66125861019557 2.1854740239746206e-14
  endloop
endfacet
facet normal 0.0 0.0 -1.0
  outer loop
    vertex 102.41662417510696 27.706739932258078 2.255973186038318e-14
    vertex 65.83073464727099 30.66125861019557 2.1854740239746206e-14
    vertex 66.21662417510696 30.821099286202976 2.1854740239746206e-14
  endloop
endfacet
facet normal 0.0 0.0 -1.0
  outer loop
    vertex 102.41662417510696 27.706739932258078 2.255973186038318e-14
    vertex 66.21662417510696 30.821099286202976 2.1854740239746206e-14
    vertex 66.54799502500543 31.0753690823596 2.1854740239746206e-14
  endloop
endfacet
facet normal 0.0 0.0 -1.0
  outer loop
    vertex 102.41662417510696 27.706739932258078 2.255973186038318e-14
    vertex 66.54799502500543 31.0753690823596 2.1854740239746206e-14
    vertex 66.80226482116205 31.406739932258077 2.1854740239746206e-14
  endloop
endfacet
facet normal 0.0 0.0 -1.0
  outer loop
    vertex 102.41662417510696 27.706739932258078 2.255973186038318e-14
    vertex 66.80226482116205 31.406739932258077 2.1854740239746206e-14
    vertex 66.96210549716946 31.792629460094044 2.1854740239746206e-14
  endloop
endfacet
facet normal 0.0 0.0 -1.0
  outer loop
    vertex 102.41662417510696 27.706739932258078 2.255973186038318e-14
    vertex 66.96210549716946 31.792629460094044 2.1854740239746206e-14
    vertex 67.01662417510695 32.206739932258074 2.1854740239746206e-14
  endloop
endfacet
facet normal 0.0 0.0 -1.0
  outer loop
    vertex 102.41662417510696 27.706739932258078 2.255973186038318e-14
    vertex 67.01662417510695 32.206739932258074 2.1854740239746206e-14
    vertex 102.41662417510696 101.70673993225807 2.255973186038318e-14
  endloop
endfacet
facet normal 0.0 0.0 -1.0
  outer loop
    vertex 63.87114285304446 96.79262946009405 2.1854740239746206e-14
    vertex 63.816624175106966 32.206739932258074 2.1854740239746206e-14
    vertex 63.816624175106966 97.20673993225807 2.1854740239746206e-14
  endloop
endfacet
facet normal 0.0 0.0 -1.0
  outer loop
    vertex 63.816624175106966 32.206739932258074 2.1854740239746206e-14
    vertex 63.87114285304446 96.79262946009405 2.1854740239746206e-14
    vertex 63.87114285304446 32.62085040442211 2.1854740239746206e-14
  endloop
endfacet
facet normal 0.0 0.0 -1.0
  outer loop
    vertex 63.87114285304446 32.62085040442211 2.1854740239746206e-14
    vertex 63.87114285304446 96.79262946009405 2.1854740239746206e-14
    vertex 64.03098352905187 96.40673993225808 2.1854740239746206e-14
  endloop
endfacet
facet normal 0.0 0.0 -1.0
  outer loop
    vertex 63.87114285304446 32.62085040442211 2.1854740239746206e-14
    vertex 64.03098352905187 96.40673993225808 2.1854740239746206e-14
    vertex 64.03098352905187 33.00673993225808 2.1854740239746206e-14
  endloop
endfacet
facet normal 0.0 0.0 -1.0
  outer loop
    vertex 64.03098352905187 33.00673993225808 2.1854740239746206e-14
    vertex 64.03098352905187 96.40673993225808 2.1854740239746206e-14
    vertex 64.28525332520849 96.0753690823596 2.1854740239746206e-14
  endloop
endfacet
facet normal 0.0 0.0 -1.0
  outer loop
    vertex 64.03098352905187 33.00673993225808 2.1854740239746206e-14
    vertex 64.28525332520849 96.0753690823596 2.1854740239746206e-14
    vertex 64.28525332520849 33.338110782156555 2.1854740239746206e-14
  endloop
endfacet
facet normal 0.0 0.0 -1.0
  outer loop
    vertex 64.28525332520849 33.338110782156555 2.1854740239746206e-14
    vertex 64.28525332520849 96.0753690823596 2.1854740239746206e-14
    vertex 64.61662417510696 95.82109928620298 2.1854740239746206e-14
  endloop
endfacet
facet normal 0.0 0.0 -1.0
  outer loop
    vertex 64.28525332520849 33.338110782156555 2.1854740239746206e-14
    vertex 64.61662417510696 95.82109928620298 2.1854740239746206e-14
    vertex 64.61662417510696 33.592380578313175 2.1854740239746206e-14
  endloop
endfacet
facet normal 0.0 0.0 -1.0
  outer loop
    vertex 64.61662417510696 33.592380578313175 2.1854740239746206e-14
    vertex 64.61662417510696 95.82109928620298 2.1854740239746206e-14
    vertex 65.00251370294293 95.66125861019557 2.1854740239746206e-14
  endloop
endfacet
facet normal 0.0 0.0 -1.0
  outer loop
    vertex 64.61662417510696 33.592380578313175 2.1854740239746206e-14
    vertex 65.00251370294293 95.66125861019557 2.1854740239746206e-14
    vertex 65.00251370294293 33.75222125432058 2.1854740239746206e-14
  endloop
endfacet
facet normal 0.0 0.0 -1.0
  outer loop
    vertex 65.00251370294293 33.75222125432058 2.1854740239746206e-14
    vertex 65.00251370294293 95.66125861019557 2.1854740239746206e-14
    vertex 65.41662417510696 95.60673993225808 2.1854740239746206e-14
  endloop
endfacet
facet normal 0.0 0.0 -1.0
  outer loop
    vertex 65.00251370294293 33.75222125432058 2.1854740239746206e-14
    vertex 65.41662417510696 95.60673993225808 2.1854740239746206e-14
    vertex 65.41662417510696 33.806739932258075 2.1854740239746206e-14
  endloop
endfacet
facet normal 0.0 0.0 -1.0
  outer loop
    vertex 65.41662417510696 33.806739932258075 2.1854740239746206e-14
    vertex 65.41662417510696 95.60673993225808 2.1854740239746206e-14
    vertex 65.83073464727099 95.66125861019557 2.1854740239746206e-14
  endloop
endfacet
facet normal 0.0 0.0 -1.0
  outer loop
    vertex 65.41662417510696 33.806739932258075 2.1854740239746206e-14
    vertex 65.83073464727099 95.66125861019557 2.1854740239746206e-14
    vertex 65.83073464727099 33.75222125432058 2.1854740239746206e-14
  endloop
endfacet
facet normal 0.0 0.0 -1.0
  outer loop
    vertex 65.83073464727099 33.75222125432058 2.1854740239746206e-14
    vertex 65.83073464727099 95.66125861019557 2.1854740239746206e-14
    vertex 66.21662417510696 95.82109928620298 2.1854740239746206e-14
  endloop
endfacet
facet normal 0.0 0.0 -1.0
  outer loop
    vertex 65.83073464727099 33.75222125432058 2.1854740239746206e-14
    vertex 66.21662417510696 95.82109928620298 2.1854740239746206e-14
    vertex 66.21662417510696 33.592380578313175 2.1854740239746206e-14
  endloop
endfacet
facet normal 0.0 0.0 -1.0
  outer loop
    vertex 66.21662417510696 33.592380578313175 2.1854740239746206e-14
    vertex 66.21662417510696 95.82109928620298 2.1854740239746206e-14
    vertex 66.54799502500543 96.0753690823596 2.1854740239746206e-14
  endloop
endfacet
facet normal 0.0 0.0 -1.0
  outer loop
    vertex 66.21662417510696 33.592380578313175 2.1854740239746206e-14
    vertex 66.54799502500543 96.0753690823596 2.1854740239746206e-14
    vertex 66.54799502500543 33.338110782156555 2.1854740239746206e-14
  endloop
endfacet
facet normal 0.0 0.0 -1.0
  outer loop
    vertex 66.54799502500543 33.338110782156555 2.1854740239746206e-14
    vertex 66.54799502500543 96.0753690823596 2.1854740239746206e-14
    vertex 66.80226482116205 96.40673993225808 2.1854740239746206e-14
  endloop
endfacet
facet normal 0.0 0.0 -1.0
  outer loop
    vertex 66.54799502500543 33.338110782156555 2.1854740239746206e-14
    vertex 66.80226482116205 96.40673993225808 2.1854740239746206e-14
    vertex 66.80226482116205 33.00673993225808 2.1854740239746206e-14
  endloop
endfacet
facet normal 0.0 0.0 -1.0
  outer loop
    vertex 66.80226482116205 33.00673993225808 2.1854740239746206e-14
    vertex 66.80226482116205 96.40673993225808 2.1854740239746206e-14
    vertex 66.96210549716946 96.79262946009405 2.1854740239746206e-14
  endloop
endfacet
facet normal 0.0 0.0 -1.0
  outer loop
    vertex 66.80226482116205 33.00673993225808 2.1854740239746206e-14
    vertex 66.96210549716946 96.79262946009405 2.1854740239746206e-14
    vertex 66.96210549716946 32.62085040442211 2.1854740239746206e-14
  endloop
endfacet
facet normal 0.0 0.0 -1.0
  outer loop
    vertex 66.96210549716946 32.62085040442211 2.1854740239746206e-14
    vertex 66.96210549716946 96.79262946009405 2.1854740239746206e-14
    vertex 67.01662417510695 97.20673993225807 2.1854740239746206e-14
  endloop
endfacet
facet normal 0.0 0.0 -1.0
  outer loop
    vertex 66.96210549716946 32.62085040442211 2.1854740239746206e-14
    vertex 67.01662417510695 97.20673993225807 2.1854740239746206e-14
    vertex 67.01662417510695 32.206739932258074 2.1854740239746206e-14
  endloop
endfacet
facet normal -0.0 -0.0 1.0
  outer loop
    vertex 28.41662417510696 27.706739932258078 2.000000000000022
    vertex 63.25156066564586 30.956739932258078 2.000000000000022
    vertex 28.41662417510696 101.70673993225807 2.000000000000022
  endloop
endfacet
facet normal -0.0 -0.0 1.0
  outer loop
    vertex 63.25156066564586 30.956739932258078 2.000000000000022
    vertex 28.41662417510696 27.706739932258078 2.000000000000022
    vertex 63.6488572221406 30.43897297929171 2.000000000000022
  endloop
endfacet
facet normal -0.0 -0.0 1.0
  outer loop
    vertex 63.6488572221406 30.43897297929171 2.000000000000022
    vertex 28.41662417510696 27.706739932258078 2.000000000000022
    vertex 64.16662417510696 30.041676422796982 2.000000000000022
  endloop
endfacet
facet normal -0.0 -0.0 1.0
  outer loop
    vertex 64.16662417510696 30.041676422796982 2.000000000000022
    vertex 28.41662417510696 27.706739932258078 2.000000000000022
    vertex 64.76957656235066 29.79192536653541 2.000000000000022
  endloop
endfacet
facet normal -0.0 -0.0 1.0
  outer loop
    vertex 64.76957656235066 29.79192536653541 2.000000000000022
    vertex 28.41662417510696 27.706739932258078 2.000000000000022
    vertex 65.41662417510696 29.70673993225808 2.000000000000022
  endloop
endfacet
facet normal -0.0 -0.0 1.0
  outer loop
    vertex 65.41662417510696 29.70673993225808 2.000000000000022
    vertex 28.41662417510696 27.706739932258078 2.000000000000022
    vertex 102.41662417510696 27.706739932258078 2.000000000000022
  endloop
endfacet
facet normal -0.0 -0.0 1.0
  outer loop
    vertex 28.41662417510696 101.70673993225807 2.000000000000022
    vertex 63.25156066564586 30.956739932258078 2.000000000000022
    vertex 63.001809609384296 31.559692319501774 2.000000000000022
  endloop
endfacet
facet normal -0.0 -0.0 1.0
  outer loop
    vertex 28.41662417510696 101.70673993225807 2.000000000000022
    vertex 63.001809609384296 31.559692319501774 2.000000000000022
    vertex 62.91662417510697 32.206739932258074 2.000000000000022
  endloop
endfacet
facet normal -0.0 -0.0 1.0
  outer loop
    vertex 65.41662417510696 29.70673993225808 2.000000000000022
    vertex 102.41662417510696 27.706739932258078 2.000000000000022
    vertex 66.06367178786326 29.79192536653541 2.000000000000022
  endloop
endfacet
facet normal -0.0 -0.0 1.0
  outer loop
    vertex 66.06367178786326 29.79192536653541 2.000000000000022
    vertex 102.41662417510696 27.706739932258078 2.000000000000022
    vertex 66.66662417510696 30.041676422796982 2.000000000000022
  endloop
endfacet
facet normal -0.0 -0.0 1.0
  outer loop
    vertex 66.66662417510696 30.041676422796982 2.000000000000022
    vertex 102.41662417510696 27.706739932258078 2.000000000000022
    vertex 67.18439112807332 30.43897297929171 2.000000000000022
  endloop
endfacet
facet normal -0.0 -0.0 1.0
  outer loop
    vertex 67.18439112807332 30.43897297929171 2.000000000000022
    vertex 102.41662417510696 27.706739932258078 2.000000000000022
    vertex 67.58168768456805 30.956739932258078 2.000000000000022
  endloop
endfacet
facet normal -0.0 -0.0 1.0
  outer loop
    vertex 67.58168768456805 30.956739932258078 2.000000000000022
    vertex 102.41662417510696 27.706739932258078 2.000000000000022
    vertex 67.83143874082963 31.559692319501774 2.000000000000022
  endloop
endfacet
facet normal -0.0 -0.0 1.0
  outer loop
    vertex 67.83143874082963 31.559692319501774 2.000000000000022
    vertex 102.41662417510696 27.706739932258078 2.000000000000022
    vertex 67.91662417510696 32.206739932258074 2.000000000000022
  endloop
endfacet
facet normal -0.0 -0.0 1.0
  outer loop
    vertex 67.91662417510696 32.206739932258074 2.000000000000022
    vertex 102.41662417510696 27.706739932258078 2.000000000000022
    vertex 67.91662417510696 97.20673993225807 2.000000000000022
  endloop
endfacet
facet normal -0.0 -0.0 1.0
  outer loop
    vertex 28.41662417510696 101.70673993225807 2.000000000000022
    vertex 65.41662417510696 99.70673993225807 2.000000000000022
    vertex 102.41662417510696 101.70673993225807 2.000000000000022
  endloop
endfacet
facet normal -0.0 -0.0 1.0
  outer loop
    vertex 65.41662417510696 99.70673993225807 2.000000000000022
    vertex 28.41662417510696 101.70673993225807 2.000000000000022
    vertex 64.76957656235066 99.62155449798074 2.000000000000022
  endloop
endfacet
facet normal -0.0 -0.0 1.0
  outer loop
    vertex 64.76957656235066 99.62155449798074 2.000000000000022
    vertex 28.41662417510696 101.70673993225807 2.000000000000022
    vertex 64.16662417510696 99.37180344171917 2.000000000000022
  endloop
endfacet
facet normal -0.0 -0.0 1.0
  outer loop
    vertex 64.16662417510696 99.37180344171917 2.000000000000022
    vertex 28.41662417510696 101.70673993225807 2.000000000000022
    vertex 63.6488572221406 98.97450688522444 2.000000000000022
  endloop
endfacet
facet normal -0.0 -0.0 1.0
  outer loop
    vertex 63.6488572221406 98.97450688522444 2.000000000000022
    vertex 28.41662417510696 101.70673993225807 2.000000000000022
    vertex 63.25156066564586 98.45673993225807 2.000000000000022
  endloop
endfacet
facet normal -0.0 -0.0 1.0
  outer loop
    vertex 63.25156066564586 98.45673993225807 2.000000000000022
    vertex 28.41662417510696 101.70673993225807 2.000000000000022
    vertex 63.001809609384296 97.85378754501437 2.000000000000022
  endloop
endfacet
facet normal -0.0 -0.0 1.0
  outer loop
    vertex 63.001809609384296 97.85378754501437 2.000000000000022
    vertex 28.41662417510696 101.70673993225807 2.000000000000022
    vertex 62.91662417510697 97.20673993225807 2.000000000000022
  endloop
endfacet
facet normal -0.0 -0.0 1.0
  outer loop
    vertex 62.91662417510697 97.20673993225807 2.000000000000022
    vertex 28.41662417510696 101.70673993225807 2.000000000000022
    vertex 62.91662417510697 32.206739932258074 2.000000000000022
  endloop
endfacet
facet normal -0.0 -0.0 1.0
  outer loop
    vertex 102.41662417510696 101.70673993225807 2.000000000000022
    vertex 65.41662417510696 99.70673993225807 2.000000000000022
    vertex 66.06367178786326 99.62155449798074 2.000000000000022
  endloop
endfacet
facet normal -0.0 -0.0 1.0
  outer loop
    vertex 102.41662417510696 101.70673993225807 2.000000000000022
    vertex 66.06367178786326 99.62155449798074 2.000000000000022
    vertex 66.66662417510696 99.37180344171917 2.000000000000022
  endloop
endfacet
facet normal -0.0 -0.0 1.0
  outer loop
    vertex 102.41662417510696 101.70673993225807 2.000000000000022
    vertex 66.66662417510696 99.37180344171917 2.000000000000022
    vertex 67.18439112807332 98.97450688522444 2.000000000000022
  endloop
endfacet
facet normal -0.0 -0.0 1.0
  outer loop
    vertex 102.41662417510696 101.70673993225807 2.000000000000022
    vertex 67.18439112807332 98.97450688522444 2.000000000000022
    vertex 67.58168768456805 98.45673993225807 2.000000000000022
  endloop
endfacet
facet normal -0.0 -0.0 1.0
  outer loop
    vertex 102.41662417510696 101.70673993225807 2.000000000000022
    vertex 67.58168768456805 98.45673993225807 2.000000000000022
    vertex 67.83143874082963 97.85378754501437 2.000000000000022
  endloop
endfacet
facet normal -0.0 -0.0 1.0
  outer loop
    vertex 102.41662417510696 101.70673993225807 2.000000000000022
    vertex 67.83143874082963 97.85378754501437 2.000000000000022
    vertex 67.91662417510696 97.20673993225807 2.000000000000022
  endloop
endfacet
facet normal -0.0 -0.0 1.0
  outer loop
    vertex 102.41662417510696 101.70673993225807 2.000000000000022
    vertex 67.91662417510696 97.20673993225807 2.000000000000022
    vertex 102.41662417510696 27.706739932258078 2.000000000000022
  endloop
endfacet
facet normal -0.0 -0.0 1.0
  outer loop
    vertex 63.001809609384296 32.85378754501438 2.000000000000022
    vertex 62.91662417510697 97.20673993225807 2.000000000000022
    vertex 62.91662417510697 32.206739932258074 2.000000000000022
  endloop
endfacet
facet normal -0.0 -0.0 1.0
  outer loop
    vertex 62.91662417510697 97.20673993225807 2.000000000000022
    vertex 63.001809609384296 32.85378754501438 2.000000000000022
    vertex 63.001809609384296 96.55969231950178 2.000000000000022
  endloop
endfacet
facet normal -0.0 -0.0 1.0
  outer loop
    vertex 63.001809609384296 96.55969231950178 2.000000000000022
    vertex 63.001809609384296 32.85378754501438 2.000000000000022
    vertex 63.25156066564586 33.456739932258074 2.000000000000022
  endloop
endfacet
facet normal -0.0 -0.0 1.0
  outer loop
    vertex 63.001809609384296 96.55969231950178 2.000000000000022
    vertex 63.25156066564586 33.456739932258074 2.000000000000022
    vertex 63.25156066564586 95.95673993225807 2.000000000000022
  endloop
endfacet
facet normal -0.0 -0.0 1.0
  outer loop
    vertex 63.25156066564586 95.95673993225807 2.000000000000022
    vertex 63.25156066564586 33.456739932258074 2.000000000000022
    vertex 63.6488572221406 33.97450688522444 2.000000000000022
  endloop
endfacet
facet normal -0.0 -0.0 1.0
  outer loop
    vertex 63.25156066564586 95.95673993225807 2.000000000000022
    vertex 63.6488572221406 33.97450688522444 2.000000000000022
    vertex 63.6488572221406 95.43897297929172 2.000000000000022
  endloop
endfacet
facet normal -0.0 -0.0 1.0
  outer loop
    vertex 63.6488572221406 95.43897297929172 2.000000000000022
    vertex 63.6488572221406 33.97450688522444 2.000000000000022
    vertex 64.16662417510696 34.371803441719166 2.000000000000022
  endloop
endfacet
facet normal -0.0 -0.0 1.0
  outer loop
    vertex 63.6488572221406 95.43897297929172 2.000000000000022
    vertex 64.16662417510696 34.371803441719166 2.000000000000022
    vertex 64.16662417510696 95.04167642279698 2.000000000000022
  endloop
endfacet
facet normal -0.0 -0.0 1.0
  outer loop
    vertex 64.16662417510696 95.04167642279698 2.000000000000022
    vertex 64.16662417510696 34.371803441719166 2.000000000000022
    vertex 64.76957656235066 34.62155449798074 2.000000000000022
  endloop
endfacet
facet normal -0.0 -0.0 1.0
  outer loop
    vertex 64.16662417510696 95.04167642279698 2.000000000000022
    vertex 64.76957656235066 34.62155449798074 2.000000000000022
    vertex 64.76957656235066 94.79192536653541 2.000000000000022
  endloop
endfacet
facet normal -0.0 -0.0 1.0
  outer loop
    vertex 64.76957656235066 94.79192536653541 2.000000000000022
    vertex 64.76957656235066 34.62155449798074 2.000000000000022
    vertex 65.41662417510696 34.706739932258074 2.000000000000022
  endloop
endfacet
facet normal -0.0 -0.0 1.0
  outer loop
    vertex 64.76957656235066 94.79192536653541 2.000000000000022
    vertex 65.41662417510696 34.706739932258074 2.000000000000022
    vertex 65.41662417510696 94.70673993225807 2.000000000000022
  endloop
endfacet
facet normal -0.0 -0.0 1.0
  outer loop
    vertex 65.41662417510696 94.70673993225807 2.000000000000022
    vertex 65.41662417510696 34.706739932258074 2.000000000000022
    vertex 66.06367178786326 34.621554497980746 2.000000000000022
  endloop
endfacet
facet normal -0.0 -0.0 1.0
  outer loop
    vertex 65.41662417510696 94.70673993225807 2.000000000000022
    vertex 66.06367178786326 34.621554497980746 2.000000000000022
    vertex 66.06367178786326 94.79192536653541 2.000000000000022
  endloop
endfacet
facet normal -0.0 -0.0 1.0
  outer loop
    vertex 66.06367178786326 94.79192536653541 2.000000000000022
    vertex 66.06367178786326 34.621554497980746 2.000000000000022
    vertex 66.66662417510696 34.37180344171917 2.000000000000022
  endloop
endfacet
facet normal -0.0 -0.0 1.0
  outer loop
    vertex 66.06367178786326 94.79192536653541 2.000000000000022
    vertex 66.66662417510696 34.37180344171917 2.000000000000022
    vertex 66.66662417510696 95.04167642279698 2.000000000000022
  endloop
endfacet
facet normal -0.0 -0.0 1.0
  outer loop
    vertex 66.66662417510696 95.04167642279698 2.000000000000022
    vertex 66.66662417510696 34.37180344171917 2.000000000000022
    vertex 67.18439112807332 33.97450688522444 2.000000000000022
  endloop
endfacet
facet normal -0.0 -0.0 1.0
  outer loop
    vertex 66.66662417510696 95.04167642279698 2.000000000000022
    vertex 67.18439112807332 33.97450688522444 2.000000000000022
    vertex 67.18439112807332 95.43897297929172 2.000000000000022
  endloop
endfacet
facet normal -0.0 -0.0 1.0
  outer loop
    vertex 67.18439112807332 95.43897297929172 2.000000000000022
    vertex 67.18439112807332 33.97450688522444 2.000000000000022
    vertex 67.58168768456805 33.456739932258074 2.000000000000022
  endloop
endfacet
facet normal -0.0 -0.0 1.0
  outer loop
    vertex 67.18439112807332 95.43897297929172 2.000000000000022
    vertex 67.58168768456805 33.456739932258074 2.000000000000022
    vertex 67.58168768456805 95.95673993225807 2.000000000000022
  endloop
endfacet
facet normal -0.0 -0.0 1.0
  outer loop
    vertex 67.58168768456805 95.95673993225807 2.000000000000022
    vertex 67.58168768456805 33.456739932258074 2.000000000000022
    vertex 67.83143874082963 32.85378754501438 2.000000000000022
  endloop
endfacet
facet normal -0.0 -0.0 1.0
  outer loop
    vertex 67.58168768456805 95.95673993225807 2.000000000000022
    vertex 67.83143874082963 32.85378754501438 2.000000000000022
    vertex 67.83143874082963 96.55969231950178 2.000000000000022
  endloop
endfacet
facet normal -0.0 -0.0 1.0
  outer loop
    vertex 67.83143874082963 96.55969231950178 2.000000000000022
    vertex 67.83143874082963 32.85378754501438 2.000000000000022
    vertex 67.91662417510696 32.206739932258074 2.000000000000022
  endloop
endfacet
facet normal -0.0 -0.0 1.0
  outer loop
    vertex 67.83143874082963 96.55969231950178 2.000000000000022
    vertex 67.91662417510696 32.206739932258074 2.000000000000022
    vertex 67.91662417510696 97.20673993225807 2.000000000000022
  endloop
endfacet
facet normal -1.0 0.0 0.0
  outer loop
    vertex 28.41662417510696 101.70673993225807 2.000000000000022
    vertex 28.41662417510696 27.706739932258078 2.255973186038318e-14
    vertex 28.41662417510696 27.706739932258078 2.000000000000022
  endloop
endfacet
facet normal -1.0 0.0 0.0
  outer loop
    vertex 28.41662417510696 27.706739932258078 2.255973186038318e-14
    vertex 28.41662417510696 101.70673993225807 2.000000000000022
    vertex 28.41662417510696 101.70673993225807 2.255973186038318e-14
  endloop
endfacet
facet normal -0.0 1.0 0.0
  outer loop
    vertex 28.41662417510696 101.70673993225807 2.000000000000022
    vertex 102.41662417510696 101.70673993225807 2.255973186038318e-14
    vertex 28.41662417510696 101.70673993225807 2.255973186038318e-14
  endloop
endfacet
facet normal -0.0 1.0 0.0
  outer loop
    vertex 102.41662417510696 101.70673993225807 2.255973186038318e-14
    vertex 28.41662417510696 101.70673993225807 2.000000000000022
    vertex 102.41662417510696 101.70673993225807 2.000000000000022
  endloop
endfacet
facet normal 1.0 0.0 0.0
  outer loop
    vertex 102.41662417510696 101.70673993225807 2.255973186038318e-14
    vertex 102.41662417510696 27.706739932258078 2.000000000000022
    vertex 102.41662417510696 27.706739932258078 2.255973186038318e-14
  endloop
endfacet
facet normal 1.0 0.0 0.0
  outer loop
    vertex 102.41662417510696 27.706739932258078 2.000000000000022
    vertex 102.41662417510696 101.70673993225807 2.255973186038318e-14
    vertex 102.41662417510696 101.70673993225807 2.000000000000022
  endloop
endfacet
facet normal -0.0 -1.0 -0.0
  outer loop
    vertex 102.41662417510696 27.706739932258078 2.000000000000022
    vertex 28.41662417510696 27.706739932258078 2.255973186038318e-14
    vertex 102.41662417510696 27.706739932258078 2.255973186038318e-14
  endloop
endfacet
facet normal -0.0 -1.0 -0.0
  outer loop
    vertex 28.41662417510696 27.706739932258078 2.255973186038318e-14
    vertex 102.41662417510696 27.706739932258078 2.000000000000022
    vertex 28.41662417510696 27.706739932258078 2.000000000000022
  endloop
endfacet
facet normal 0.0 0.0 1.0
  outer loop
    vertex 63.001809609384296 31.559692319501774 6.000000000000022
    vertex 63.001809609384296 32.85378754501438 6.000000000000022
    vertex 62.91662417510697 32.206739932258074 6.000000000000022
  endloop
endfacet
facet normal 0.0 0.0 1.0
  outer loop
    vertex 63.001809609384296 32.85378754501438 6.000000000000022
    vertex 63.001809609384296 31.559692319501774 6.000000000000022
    vertex 63.25156066564586 30.956739932258078 6.000000000000022
  endloop
endfacet
facet normal 0.0 0.0 1.0
  outer loop
    vertex 63.001809609384296 32.85378754501438 6.000000000000022
    vertex 63.25156066564586 30.956739932258078 6.000000000000022
    vertex 63.25156066564586 33.456739932258074 6.000000000000022
  endloop
endfacet
facet normal 0.0 0.0 1.0
  outer loop
    vertex 63.25156066564586 33.456739932258074 6.000000000000022
    vertex 63.25156066564586 30.956739932258078 6.000000000000022
    vertex 63.6488572221406 30.43897297929171 6.000000000000022
  endloop
endfacet
facet normal 0.0 0.0 1.0
  outer loop
    vertex 63.25156066564586 33.456739932258074 6.000000000000022
    vertex 63.6488572221406 30.43897297929171 6.000000000000022
    vertex 63.6488572221406 33.97450688522444 6.000000000000022
  endloop
endfacet
facet normal 0.0 0.0 1.0
  outer loop
    vertex 63.6488572221406 33.97450688522444 6.000000000000022
    vertex 63.6488572221406 30.43897297929171 6.000000000000022
    vertex 63.816624175106966 32.206739932258074 6.000000000000022
  endloop
endfacet
facet normal 0.0 0.0 1.0
  outer loop
    vertex 63.816624175106966 32.206739932258074 6.000000000000022
    vertex 63.6488572221406 30.43897297929171 6.000000000000022
    vertex 63.87114285304446 31.792629460094044 6.000000000000022
  endloop
endfacet
facet normal 0.0 0.0 1.0
  outer loop
    vertex 63.87114285304446 31.792629460094044 6.000000000000022
    vertex 63.6488572221406 30.43897297929171 6.000000000000022
    vertex 64.16662417510696 30.041676422796982 6.000000000000022
  endloop
endfacet
facet normal 0.0 0.0 1.0
  outer loop
    vertex 63.87114285304446 31.792629460094044 6.000000000000022
    vertex 64.16662417510696 30.041676422796982 6.000000000000022
    vertex 64.03098352905187 31.406739932258077 6.000000000000022
  endloop
endfacet
facet normal 0.0 0.0 1.0
  outer loop
    vertex 64.03098352905187 31.406739932258077 6.000000000000022
    vertex 64.16662417510696 30.041676422796982 6.000000000000022
    vertex 64.28525332520849 31.0753690823596 6.000000000000022
  endloop
endfacet
facet normal 0.0 0.0 1.0
  outer loop
    vertex 64.28525332520849 31.0753690823596 6.000000000000022
    vertex 64.16662417510696 30.041676422796982 6.000000000000022
    vertex 64.76957656235066 29.79192536653541 6.000000000000022
  endloop
endfacet
facet normal 0.0 0.0 1.0
  outer loop
    vertex 64.28525332520849 31.0753690823596 6.000000000000022
    vertex 64.76957656235066 29.79192536653541 6.000000000000022
    vertex 64.61662417510696 30.821099286202976 6.000000000000022
  endloop
endfacet
facet normal 0.0 0.0 1.0
  outer loop
    vertex 64.61662417510696 30.821099286202976 6.000000000000022
    vertex 64.76957656235066 29.79192536653541 6.000000000000022
    vertex 65.00251370294293 30.66125861019557 6.000000000000022
  endloop
endfacet
facet normal 0.0 0.0 1.0
  outer loop
    vertex 65.00251370294293 30.66125861019557 6.000000000000022
    vertex 64.76957656235066 29.79192536653541 6.000000000000022
    vertex 65.41662417510696 29.70673993225808 6.000000000000022
  endloop
endfacet
facet normal 0.0 0.0 1.0
  outer loop
    vertex 65.00251370294293 30.66125861019557 6.000000000000022
    vertex 65.41662417510696 29.70673993225808 6.000000000000022
    vertex 65.41662417510696 30.60673993225808 6.000000000000022
  endloop
endfacet
facet normal 0.0 0.0 1.0
  outer loop
    vertex 65.41662417510696 30.60673993225808 6.000000000000022
    vertex 65.41662417510696 29.70673993225808 6.000000000000022
    vertex 66.06367178786326 29.79192536653541 6.000000000000022
  endloop
endfacet
facet normal 0.0 0.0 1.0
  outer loop
    vertex 65.41662417510696 30.60673993225808 6.000000000000022
    vertex 66.06367178786326 29.79192536653541 6.000000000000022
    vertex 65.83073464727099 30.66125861019557 6.000000000000022
  endloop
endfacet
facet normal 0.0 0.0 1.0
  outer loop
    vertex 65.83073464727099 30.66125861019557 6.000000000000022
    vertex 66.06367178786326 29.79192536653541 6.000000000000022
    vertex 66.21662417510696 30.821099286202976 6.000000000000022
  endloop
endfacet
facet normal 0.0 0.0 1.0
  outer loop
    vertex 66.21662417510696 30.821099286202976 6.000000000000022
    vertex 66.06367178786326 29.79192536653541 6.000000000000022
    vertex 66.66662417510696 30.041676422796982 6.000000000000022
  endloop
endfacet
facet normal 0.0 0.0 1.0
  outer loop
    vertex 66.21662417510696 30.821099286202976 6.000000000000022
    vertex 66.66662417510696 30.041676422796982 6.000000000000022
    vertex 66.54799502500543 31.0753690823596 6.000000000000022
  endloop
endfacet
facet normal 0.0 0.0 1.0
  outer loop
    vertex 66.54799502500543 31.0753690823596 6.000000000000022
    vertex 66.66662417510696 30.041676422796982 6.000000000000022
    vertex 66.80226482116205 31.406739932258077 6.000000000000022
  endloop
endfacet
facet normal 0.0 0.0 1.0
  outer loop
    vertex 66.80226482116205 31.406739932258077 6.000000000000022
    vertex 66.66662417510696 30.041676422796982 6.000000000000022
    vertex 67.18439112807332 30.43897297929171 6.000000000000022
  endloop
endfacet
facet normal 0.0 0.0 1.0
  outer loop
    vertex 66.80226482116205 31.406739932258077 6.000000000000022
    vertex 67.18439112807332 30.43897297929171 6.000000000000022
    vertex 66.96210549716946 31.792629460094044 6.000000000000022
  endloop
endfacet
facet normal 0.0 0.0 1.0
  outer loop
    vertex 66.96210549716946 31.792629460094044 6.000000000000022
    vertex 67.18439112807332 30.43897297929171 6.000000000000022
    vertex 67.01662417510695 32.206739932258074 6.000000000000022
  endloop
endfacet
facet normal 0.0 0.0 1.0
  outer loop
    vertex 63.6488572221406 33.97450688522444 6.000000000000022
    vertex 63.87114285304446 32.62085040442211 6.000000000000022
    vertex 64.16662417510696 34.371803441719166 6.000000000000022
  endloop
endfacet
facet normal 0.0 0.0 1.0
  outer loop
    vertex 63.87114285304446 32.62085040442211 6.000000000000022
    vertex 63.6488572221406 33.97450688522444 6.000000000000022
    vertex 63.816624175106966 32.206739932258074 6.000000000000022
  endloop
endfacet
facet normal 0.0 0.0 1.0
  outer loop
    vertex 64.16662417510696 34.371803441719166 6.000000000000022
    vertex 63.87114285304446 32.62085040442211 6.000000000000022
    vertex 64.03098352905187 33.00673993225808 6.000000000000022
  endloop
endfacet
facet normal 0.0 0.0 1.0
  outer loop
    vertex 64.16662417510696 34.371803441719166 6.000000000000022
    vertex 64.03098352905187 33.00673993225808 6.000000000000022
    vertex 64.28525332520849 33.338110782156555 6.000000000000022
  endloop
endfacet
facet normal 0.0 0.0 1.0
  outer loop
    vertex 64.16662417510696 34.371803441719166 6.000000000000022
    vertex 64.28525332520849 33.338110782156555 6.000000000000022
    vertex 64.76957656235066 34.62155449798074 6.000000000000022
  endloop
endfacet
facet normal 0.0 0.0 1.0
  outer loop
    vertex 64.76957656235066 34.62155449798074 6.000000000000022
    vertex 64.28525332520849 33.338110782156555 6.000000000000022
    vertex 64.61662417510696 33.592380578313175 6.000000000000022
  endloop
endfacet
facet normal 0.0 0.0 1.0
  outer loop
    vertex 64.76957656235066 34.62155449798074 6.000000000000022
    vertex 64.61662417510696 33.592380578313175 6.000000000000022
    vertex 65.00251370294293 33.75222125432058 6.000000000000022
  endloop
endfacet
facet normal 0.0 0.0 1.0
  outer loop
    vertex 64.76957656235066 34.62155449798074 6.000000000000022
    vertex 65.00251370294293 33.75222125432058 6.000000000000022
    vertex 65.41662417510696 34.706739932258074 6.000000000000022
  endloop
endfacet
facet normal 0.0 0.0 1.0
  outer loop
    vertex 65.41662417510696 34.706739932258074 6.000000000000022
    vertex 65.00251370294293 33.75222125432058 6.000000000000022
    vertex 65.41662417510696 33.806739932258075 6.000000000000022
  endloop
endfacet
facet normal 0.0 0.0 1.0
  outer loop
    vertex 65.41662417510696 34.706739932258074 6.000000000000022
    vertex 65.41662417510696 33.806739932258075 6.000000000000022
    vertex 65.83073464727099 33.75222125432058 6.000000000000022
  endloop
endfacet
facet normal 0.0 0.0 1.0
  outer loop
    vertex 65.41662417510696 34.706739932258074 6.000000000000022
    vertex 65.83073464727099 33.75222125432058 6.000000000000022
    vertex 66.06367178786326 34.621554497980746 6.000000000000022
  endloop
endfacet
facet normal 0.0 0.0 1.0
  outer loop
    vertex 66.06367178786326 34.621554497980746 6.000000000000022
    vertex 65.83073464727099 33.75222125432058 6.000000000000022
    vertex 66.21662417510696 33.592380578313175 6.000000000000022
  endloop
endfacet
facet normal 0.0 0.0 1.0
  outer loop
    vertex 66.06367178786326 34.621554497980746 6.000000000000022
    vertex 66.21662417510696 33.592380578313175 6.000000000000022
    vertex 66.66662417510696 34.37180344171917 6.000000000000022
  endloop
endfacet
facet normal 0.0 0.0 1.0
  outer loop
    vertex 66.66662417510696 34.37180344171917 6.000000000000022
    vertex 66.21662417510696 33.592380578313175 6.000000000000022
    vertex 66.54799502500543 33.338110782156555 6.000000000000022
  endloop
endfacet
facet normal 0.0 0.0 1.0
  outer loop
    vertex 66.66662417510696 34.37180344171917 6.000000000000022
    vertex 66.54799502500543 33.338110782156555 6.000000000000022
    vertex 66.80226482116205 33.00673993225808 6.000000000000022
  endloop
endfacet
facet normal 0.0 0.0 1.0
  outer loop
    vertex 66.66662417510696 34.37180344171917 6.000000000000022
    vertex 66.80226482116205 33.00673993225808 6.000000000000022
    vertex 67.18439112807332 33.97450688522444 6.000000000000022
  endloop
endfacet
facet normal 0.0 0.0 1.0
  outer loop
    vertex 67.18439112807332 33.97450688522444 6.000000000000022
    vertex 66.80226482116205 33.00673993225808 6.000000000000022
    vertex 66.96210549716946 32.62085040442211 6.000000000000022
  endloop
endfacet
facet normal 0.0 0.0 1.0
  outer loop
    vertex 67.18439112807332 33.97450688522444 6.000000000000022
    vertex 66.96210549716946 32.62085040442211 6.000000000000022
    vertex 67.01662417510695 32.206739932258074 6.000000000000022
  endloop
endfacet
facet normal 0.0 0.0 1.0
  outer loop
    vertex 67.18439112807332 33.97450688522444 6.000000000000022
    vertex 67.01662417510695 32.206739932258074 6.000000000000022
    vertex 67.18439112807332 30.43897297929171 6.000000000000022
  endloop
endfacet
facet normal 0.0 0.0 1.0
  outer loop
    vertex 67.18439112807332 33.97450688522444 6.000000000000022
    vertex 67.18439112807332 30.43897297929171 6.000000000000022
    vertex 67.58168768456805 30.956739932258078 6.000000000000022
  endloop
endfacet
facet normal 0.0 0.0 1.0
  outer loop
    vertex 67.18439112807332 33.97450688522444 6.000000000000022
    vertex 67.58168768456805 30.956739932258078 6.000000000000022
    vertex 67.58168768456805 33.456739932258074 6.000000000000022
  endloop
endfacet
facet normal 0.0 0.0 1.0
  outer loop
    vertex 67.58168768456805 33.456739932258074 6.000000000000022
    vertex 67.58168768456805 30.956739932258078 6.000000000000022
    vertex 67.83143874082963 31.559692319501774 6.000000000000022
  endloop
endfacet
facet normal 0.0 0.0 1.0
  outer loop
    vertex 67.58168768456805 33.456739932258074 6.000000000000022
    vertex 67.83143874082963 31.559692319501774 6.000000000000022
    vertex 67.83143874082963 32.85378754501438 6.000000000000022
  endloop
endfacet
facet normal 0.0 0.0 1.0
  outer loop
    vertex 67.83143874082963 32.85378754501438 6.000000000000022
    vertex 67.83143874082963 31.559692319501774 6.000000000000022
    vertex 67.91662417510696 32.206739932258074 6.000000000000022
  endloop
endfacet
facet normal -0.3826834323650902 0.9238795325112866 0.0
  outer loop
    vertex 64.16662417510696 34.371803441719166 6.000000000000022
    vertex 64.76957656235066 34.62155449798074 2.000000000000022
    vertex 64.16662417510696 34.371803441719166 2.000000000000022
  endloop
endfacet
facet normal -0.3826834323650902 0.9238795325112866 0.0
  outer loop
    vertex 64.76957656235066 34.62155449798074 2.000000000000022
    vertex 64.16662417510696 34.371803441719166 6.000000000000022
    vertex 64.76957656235066 34.62155449798074 6.000000000000022
  endloop
endfacet
facet normal -0.6087614290087184 0.793353340291237 0.0
  outer loop
    vertex 63.6488572221406 33.97450688522444 6.000000000000022
    vertex 64.16662417510696 34.371803441719166 2.000000000000022
    vertex 63.6488572221406 33.97450688522444 2.000000000000022
  endloop
endfacet
facet normal -0.6087614290087184 0.793353340291237 0.0
  outer loop
    vertex 64.16662417510696 34.371803441719166 2.000000000000022
    vertex 63.6488572221406 33.97450688522444 6.000000000000022
    vertex 64.16662417510696 34.371803441719166 6.000000000000022
  endloop
endfacet
facet normal -0.7933533402912317 0.608761429008725 0.0
  outer loop
    vertex 63.6488572221406 33.97450688522444 6.000000000000022
    vertex 63.25156066564586 33.456739932258074 2.000000000000022
    vertex 63.25156066564586 33.456739932258074 6.000000000000022
  endloop
endfacet
facet normal -0.7933533402912317 0.608761429008725 0.0
  outer loop
    vertex 63.25156066564586 33.456739932258074 2.000000000000022
    vertex 63.6488572221406 33.97450688522444 6.000000000000022
    vertex 63.6488572221406 33.97450688522444 2.000000000000022
  endloop
endfacet
facet normal -0.9238795325112896 0.38268343236508284 0.0
  outer loop
    vertex 63.25156066564586 33.456739932258074 6.000000000000022
    vertex 63.001809609384296 32.85378754501438 2.000000000000022
    vertex 63.001809609384296 32.85378754501438 6.000000000000022
  endloop
endfacet
facet normal -0.9238795325112896 0.38268343236508284 0.0
  outer loop
    vertex 63.001809609384296 32.85378754501438 2.000000000000022
    vertex 63.25156066564586 33.456739932258074 6.000000000000022
    vertex 63.25156066564586 33.456739932258074 2.000000000000022
  endloop
endfacet
facet normal -0.9914448613738099 0.13052619222005613 0.0
  outer loop
    vertex 63.001809609384296 32.85378754501438 6.000000000000022
    vertex 62.91662417510697 32.206739932258074 2.000000000000022
    vertex 62.91662417510697 32.206739932258074 6.000000000000022
  endloop
endfacet
facet normal -0.9914448613738099 0.13052619222005613 0.0
  outer loop
    vertex 62.91662417510697 32.206739932258074 2.000000000000022
    vertex 63.001809609384296 32.85378754501438 6.000000000000022
    vertex 63.001809609384296 32.85378754501438 2.000000000000022
  endloop
endfacet
facet normal -0.9914448613738099 -0.13052619222005613 -0.0
  outer loop
    vertex 62.91662417510697 32.206739932258074 6.000000000000022
    vertex 63.001809609384296 31.559692319501774 2.000000000000022
    vertex 63.001809609384296 31.559692319501774 6.000000000000022
  endloop
endfacet
facet normal -0.9914448613738099 -0.13052619222005613 -0.0
  outer loop
    vertex 63.001809609384296 31.559692319501774 2.000000000000022
    vertex 62.91662417510697 32.206739932258074 6.000000000000022
    vertex 62.91662417510697 32.206739932258074 2.000000000000022
  endloop
endfacet
facet normal -0.9238795325112896 -0.38268343236508284 -0.0
  outer loop
    vertex 63.001809609384296 31.559692319501774 6.000000000000022
    vertex 63.25156066564586 30.956739932258078 2.000000000000022
    vertex 63.25156066564586 30.956739932258078 6.000000000000022
  endloop
endfacet
facet normal -0.9238795325112896 -0.38268343236508284 -0.0
  outer loop
    vertex 63.25156066564586 30.956739932258078 2.000000000000022
    vertex 63.001809609384296 31.559692319501774 6.000000000000022
    vertex 63.001809609384296 31.559692319501774 2.000000000000022
  endloop
endfacet
facet normal -0.7933533402912317 -0.608761429008725 -0.0
  outer loop
    vertex 63.25156066564586 30.956739932258078 6.000000000000022
    vertex 63.6488572221406 30.43897297929171 2.000000000000022
    vertex 63.6488572221406 30.43897297929171 6.000000000000022
  endloop
endfacet
facet normal -0.7933533402912317 -0.608761429008725 -0.0
  outer loop
    vertex 63.6488572221406 30.43897297929171 2.000000000000022
    vertex 63.25156066564586 30.956739932258078 6.000000000000022
    vertex 63.25156066564586 30.956739932258078 2.000000000000022
  endloop
endfacet
facet normal -0.6087614290087238 -0.793353340291233 -0.0
  outer loop
    vertex 64.16662417510696 30.041676422796982 6.000000000000022
    vertex 63.6488572221406 30.43897297929171 2.000000000000022
    vertex 64.16662417510696 30.041676422796982 2.000000000000022
  endloop
endfacet
facet normal -0.6087614290087238 -0.793353340291233 -0.0
  outer loop
    vertex 63.6488572221406 30.43897297929171 2.000000000000022
    vertex 64.16662417510696 30.041676422796982 6.000000000000022
    vertex 63.6488572221406 30.43897297929171 6.000000000000022
  endloop
endfacet
facet normal -0.3826834323650902 -0.9238795325112866 -0.0
  outer loop
    vertex 64.76957656235066 29.79192536653541 6.000000000000022
    vertex 64.16662417510696 30.041676422796982 2.000000000000022
    vertex 64.76957656235066 29.79192536653541 2.000000000000022
  endloop
endfacet
facet normal -0.3826834323650902 -0.9238795325112866 -0.0
  outer loop
    vertex 64.16662417510696 30.041676422796982 2.000000000000022
    vertex 64.76957656235066 29.79192536653541 6.000000000000022
    vertex 64.16662417510696 30.041676422796982 6.000000000000022
  endloop
endfacet
facet normal -0.13052619222004763 -0.9914448613738109 -0.0
  outer loop
    vertex 65.41662417510696 29.70673993225808 6.000000000000022
    vertex 64.76957656235066 29.79192536653541 2.000000000000022
    vertex 65.41662417510696 29.70673993225808 2.000000000000022
  endloop
endfacet
facet normal -0.13052619222004763 -0.9914448613738109 -0.0
  outer loop
    vertex 64.76957656235066 29.79192536653541 2.000000000000022
    vertex 65.41662417510696 29.70673993225808 6.000000000000022
    vertex 64.76957656235066 29.79192536653541 6.000000000000022
  endloop
endfacet
facet normal 0.13052619222004763 -0.9914448613738109 0.0
  outer loop
    vertex 66.06367178786326 29.79192536653541 6.000000000000022
    vertex 65.41662417510696 29.70673993225808 2.000000000000022
    vertex 66.06367178786326 29.79192536653541 2.000000000000022
  endloop
endfacet
facet normal 0.13052619222004763 -0.9914448613738109 0.0
  outer loop
    vertex 65.41662417510696 29.70673993225808 2.000000000000022
    vertex 66.06367178786326 29.79192536653541 6.000000000000022
    vertex 65.41662417510696 29.70673993225808 6.000000000000022
  endloop
endfacet
facet normal 0.3826834323650902 -0.9238795325112866 0.0
  outer loop
    vertex 66.66662417510696 30.041676422796982 6.000000000000022
    vertex 66.06367178786326 29.79192536653541 2.000000000000022
    vertex 66.66662417510696 30.041676422796982 2.000000000000022
  endloop
endfacet
facet normal 0.3826834323650902 -0.9238795325112866 0.0
  outer loop
    vertex 66.06367178786326 29.79192536653541 2.000000000000022
    vertex 66.66662417510696 30.041676422796982 6.000000000000022
    vertex 66.06367178786326 29.79192536653541 6.000000000000022
  endloop
endfacet
facet normal 0.6087614290087238 -0.793353340291233 0.0
  outer loop
    vertex 67.18439112807332 30.43897297929171 6.000000000000022
    vertex 66.66662417510696 30.041676422796982 2.000000000000022
    vertex 67.18439112807332 30.43897297929171 2.000000000000022
  endloop
endfacet
facet normal 0.6087614290087238 -0.793353340291233 0.0
  outer loop
    vertex 66.66662417510696 30.041676422796982 2.000000000000022
    vertex 67.18439112807332 30.43897297929171 6.000000000000022
    vertex 66.66662417510696 30.041676422796982 6.000000000000022
  endloop
endfacet
facet normal 0.7933533402912317 -0.608761429008725 0.0
  outer loop
    vertex 67.58168768456805 30.956739932258078 2.000000000000022
    vertex 67.18439112807332 30.43897297929171 6.000000000000022
    vertex 67.18439112807332 30.43897297929171 2.000000000000022
  endloop
endfacet
facet normal 0.7933533402912317 -0.608761429008725 0.0
  outer loop
    vertex 67.18439112807332 30.43897297929171 6.000000000000022
    vertex 67.58168768456805 30.956739932258078 2.000000000000022
    vertex 67.58168768456805 30.956739932258078 6.000000000000022
  endloop
endfacet
facet normal 0.9238795325112896 -0.38268343236508284 0.0
  outer loop
    vertex 67.83143874082963 31.559692319501774 2.000000000000022
    vertex 67.58168768456805 30.956739932258078 6.000000000000022
    vertex 67.58168768456805 30.956739932258078 2.000000000000022
  endloop
endfacet
facet normal 0.9238795325112896 -0.38268343236508284 0.0
  outer loop
    vertex 67.58168768456805 30.956739932258078 6.000000000000022
    vertex 67.83143874082963 31.559692319501774 2.000000000000022
    vertex 67.83143874082963 31.559692319501774 6.000000000000022
  endloop
endfacet
facet normal 0.9914448613738099 -0.13052619222005613 0.0
  outer loop
    vertex 67.91662417510696 32.206739932258074 2.000000000000022
    vertex 67.83143874082963 31.559692319501774 6.000000000000022
    vertex 67.83143874082963 31.559692319501774 2.000000000000022
  endloop
endfacet
facet normal 0.9914448613738099 -0.13052619222005613 0.0
  outer loop
    vertex 67.83143874082963 31.559692319501774 6.000000000000022
    vertex 67.91662417510696 32.206739932258074 2.000000000000022
    vertex 67.91662417510696 32.206739932258074 6.000000000000022
  endloop
endfacet
facet normal 0.9914448613738099 0.13052619222005613 0.0
  outer loop
    vertex 67.83143874082963 32.85378754501438 2.000000000000022
    vertex 67.91662417510696 32.206739932258074 6.000000000000022
    vertex 67.91662417510696 32.206739932258074 2.000000000000022
  endloop
endfacet
facet normal 0.9914448613738099 0.13052619222005613 0.0
  outer loop
    vertex 67.91662417510696 32.206739932258074 6.000000000000022
    vertex 67.83143874082963 32.85378754501438 2.000000000000022
    vertex 67.83143874082963 32.85378754501438 6.000000000000022
  endloop
endfacet
facet normal 0.9238795325112896 0.38268343236508284 0.0
  outer loop
    vertex 67.58168768456805 33.456739932258074 2.000000000000022
    vertex 67.83143874082963 32.85378754501438 6.000000000000022
    vertex 67.83143874082963 32.85378754501438 2.000000000000022
  endloop
endfacet
facet normal 0.9238795325112896 0.38268343236508284 0.0
  outer loop
    vertex 67.83143874082963 32.85378754501438 6.000000000000022
    vertex 67.58168768456805 33.456739932258074 2.000000000000022
    vertex 67.58168768456805 33.456739932258074 6.000000000000022
  endloop
endfacet
facet normal 0.7933533402912317 0.608761429008725 0.0
  outer loop
    vertex 67.18439112807332 33.97450688522444 2.000000000000022
    vertex 67.58168768456805 33.456739932258074 6.000000000000022
    vertex 67.58168768456805 33.456739932258074 2.000000000000022
  endloop
endfacet
facet normal 0.7933533402912317 0.608761429008725 0.0
  outer loop
    vertex 67.58168768456805 33.456739932258074 6.000000000000022
    vertex 67.18439112807332 33.97450688522444 2.000000000000022
    vertex 67.18439112807332 33.97450688522444 6.000000000000022
  endloop
endfacet
facet normal 0.6087614290087238 0.793353340291233 0.0
  outer loop
    vertex 66.66662417510696 34.37180344171917 6.000000000000022
    vertex 67.18439112807332 33.97450688522444 2.000000000000022
    vertex 66.66662417510696 34.37180344171917 2.000000000000022
  endloop
endfacet
facet normal 0.6087614290087238 0.793353340291233 0.0
  outer loop
    vertex 67.18439112807332 33.97450688522444 2.000000000000022
    vertex 66.66662417510696 34.37180344171917 6.000000000000022
    vertex 67.18439112807332 33.97450688522444 6.000000000000022
  endloop
endfacet
facet normal 0.3826834323650902 0.9238795325112866 0.0
  outer loop
    vertex 66.06367178786326 34.621554497980746 6.000000000000022
    vertex 66.66662417510696 34.37180344171917 2.000000000000022
    vertex 66.06367178786326 34.621554497980746 2.000000000000022
  endloop
endfacet
facet normal 0.3826834323650902 0.9238795325112866 0.0
  outer loop
    vertex 66.66662417510696 34.37180344171917 2.000000000000022
    vertex 66.06367178786326 34.621554497980746 6.000000000000022
    vertex 66.66662417510696 34.37180344171917 6.000000000000022
  endloop
endfacet
facet normal 0.13052619222004763 0.9914448613738109 0.0
  outer loop
    vertex 65.41662417510696 34.706739932258074 6.000000000000022
    vertex 66.06367178786326 34.621554497980746 2.000000000000022
    vertex 65.41662417510696 34.706739932258074 2.000000000000022
  endloop
endfacet
facet normal 0.13052619222004763 0.9914448613738109 0.0
  outer loop
    vertex 66.06367178786326 34.621554497980746 2.000000000000022
    vertex 65.41662417510696 34.706739932258074 6.000000000000022
    vertex 66.06367178786326 34.621554497980746 6.000000000000022
  endloop
endfacet
facet normal -0.13052619222005613 0.9914448613738099 0.0
  outer loop
    vertex 64.76957656235066 34.62155449798074 6.000000000000022
    vertex 65.41662417510696 34.706739932258074 2.000000000000022
    vertex 64.76957656235066 34.62155449798074 2.000000000000022
  endloop
endfacet
facet normal -0.13052619222005613 0.9914448613738099 0.0
  outer loop
    vertex 65.41662417510696 34.706739932258074 2.000000000000022
    vertex 64.76957656235066 34.62155449798074 6.000000000000022
    vertex 65.41662417510696 34.706739932258074 6.000000000000022
  endloop
endfacet
facet normal 0.0 0.0 1.0
  outer loop
    vertex 63.001809609384296 96.55969231950178 6.000000000000022
    vertex 63.001809609384296 97.85378754501437 6.000000000000022
    vertex 62.91662417510697 97.20673993225807 6.000000000000022
  endloop
endfacet
facet normal 0.0 0.0 1.0
  outer loop
    vertex 63.001809609384296 97.85378754501437 6.000000000000022
    vertex 63.001809609384296 96.55969231950178 6.000000000000022
    vertex 63.25156066564586 95.95673993225807 6.000000000000022
  endloop
endfacet
facet normal 0.0 0.0 1.0
  outer loop
    vertex 63.001809609384296 97.85378754501437 6.000000000000022
    vertex 63.25156066564586 95.95673993225807 6.000000000000022
    vertex 63.25156066564586 98.45673993225807 6.000000000000022
  endloop
endfacet
facet normal 0.0 0.0 1.0
  outer loop
    vertex 63.25156066564586 98.45673993225807 6.000000000000022
    vertex 63.25156066564586 95.95673993225807 6.000000000000022
    vertex 63.6488572221406 95.43897297929172 6.000000000000022
  endloop
endfacet
facet normal 0.0 0.0 1.0
  outer loop
    vertex 63.25156066564586 98.45673993225807 6.000000000000022
    vertex 63.6488572221406 95.43897297929172 6.000000000000022
    vertex 63.6488572221406 98.97450688522444 6.000000000000022
  endloop
endfacet
facet normal 0.0 0.0 1.0
  outer loop
    vertex 63.6488572221406 98.97450688522444 6.000000000000022
    vertex 63.6488572221406 95.43897297929172 6.000000000000022
    vertex 63.816624175106966 97.20673993225807 6.000000000000022
  endloop
endfacet
facet normal 0.0 0.0 1.0
  outer loop
    vertex 63.816624175106966 97.20673993225807 6.000000000000022
    vertex 63.6488572221406 95.43897297929172 6.000000000000022
    vertex 63.87114285304446 96.79262946009405 6.000000000000022
  endloop
endfacet
facet normal 0.0 0.0 1.0
  outer loop
    vertex 63.87114285304446 96.79262946009405 6.000000000000022
    vertex 63.6488572221406 95.43897297929172 6.000000000000022
    vertex 64.16662417510696 95.04167642279698 6.000000000000022
  endloop
endfacet
facet normal 0.0 0.0 1.0
  outer loop
    vertex 63.87114285304446 96.79262946009405 6.000000000000022
    vertex 64.16662417510696 95.04167642279698 6.000000000000022
    vertex 64.03098352905187 96.40673993225808 6.000000000000022
  endloop
endfacet
facet normal 0.0 0.0 1.0
  outer loop
    vertex 64.03098352905187 96.40673993225808 6.000000000000022
    vertex 64.16662417510696 95.04167642279698 6.000000000000022
    vertex 64.28525332520849 96.0753690823596 6.000000000000022
  endloop
endfacet
facet normal 0.0 0.0 1.0
  outer loop
    vertex 64.28525332520849 96.0753690823596 6.000000000000022
    vertex 64.16662417510696 95.04167642279698 6.000000000000022
    vertex 64.76957656235066 94.79192536653541 6.000000000000022
  endloop
endfacet
facet normal 0.0 0.0 1.0
  outer loop
    vertex 64.28525332520849 96.0753690823596 6.000000000000022
    vertex 64.76957656235066 94.79192536653541 6.000000000000022
    vertex 64.61662417510696 95.82109928620298 6.000000000000022
  endloop
endfacet
facet normal 0.0 0.0 1.0
  outer loop
    vertex 64.61662417510696 95.82109928620298 6.000000000000022
    vertex 64.76957656235066 94.79192536653541 6.000000000000022
    vertex 65.00251370294293 95.66125861019557 6.000000000000022
  endloop
endfacet
facet normal 0.0 0.0 1.0
  outer loop
    vertex 65.00251370294293 95.66125861019557 6.000000000000022
    vertex 64.76957656235066 94.79192536653541 6.000000000000022
    vertex 65.41662417510696 94.70673993225807 6.000000000000022
  endloop
endfacet
facet normal 0.0 0.0 1.0
  outer loop
    vertex 65.00251370294293 95.66125861019557 6.000000000000022
    vertex 65.41662417510696 94.70673993225807 6.000000000000022
    vertex 65.41662417510696 95.60673993225808 6.000000000000022
  endloop
endfacet
facet normal 0.0 0.0 1.0
  outer loop
    vertex 65.41662417510696 95.60673993225808 6.000000000000022
    vertex 65.41662417510696 94.70673993225807 6.000000000000022
    vertex 66.06367178786326 94.79192536653541 6.000000000000022
  endloop
endfacet
facet normal 0.0 0.0 1.0
  outer loop
    vertex 65.41662417510696 95.60673993225808 6.000000000000022
    vertex 66.06367178786326 94.79192536653541 6.000000000000022
    vertex 65.83073464727099 95.66125861019557 6.000000000000022
  endloop
endfacet
facet normal 0.0 0.0 1.0
  outer loop
    vertex 65.83073464727099 95.66125861019557 6.000000000000022
    vertex 66.06367178786326 94.79192536653541 6.000000000000022
    vertex 66.21662417510696 95.82109928620298 6.000000000000022
  endloop
endfacet
facet normal 0.0 0.0 1.0
  outer loop
    vertex 66.21662417510696 95.82109928620298 6.000000000000022
    vertex 66.06367178786326 94.79192536653541 6.000000000000022
    vertex 66.66662417510696 95.04167642279698 6.000000000000022
  endloop
endfacet
facet normal 0.0 0.0 1.0
  outer loop
    vertex 66.21662417510696 95.82109928620298 6.000000000000022
    vertex 66.66662417510696 95.04167642279698 6.000000000000022
    vertex 66.54799502500543 96.0753690823596 6.000000000000022
  endloop
endfacet
facet normal 0.0 0.0 1.0
  outer loop
    vertex 66.54799502500543 96.0753690823596 6.000000000000022
    vertex 66.66662417510696 95.04167642279698 6.000000000000022
    vertex 66.80226482116205 96.40673993225808 6.000000000000022
  endloop
endfacet
facet normal 0.0 0.0 1.0
  outer loop
    vertex 66.80226482116205 96.40673993225808 6.000000000000022
    vertex 66.66662417510696 95.04167642279698 6.000000000000022
    vertex 67.18439112807332 95.43897297929172 6.000000000000022
  endloop
endfacet
facet normal 0.0 0.0 1.0
  outer loop
    vertex 66.80226482116205 96.40673993225808 6.000000000000022
    vertex 67.18439112807332 95.43897297929172 6.000000000000022
    vertex 66.96210549716946 96.79262946009405 6.000000000000022
  endloop
endfacet
facet normal 0.0 0.0 1.0
  outer loop
    vertex 66.96210549716946 96.79262946009405 6.000000000000022
    vertex 67.18439112807332 95.43897297929172 6.000000000000022
    vertex 67.01662417510695 97.20673993225807 6.000000000000022
  endloop
endfacet
facet normal 0.0 0.0 1.0
  outer loop
    vertex 63.6488572221406 98.97450688522444 6.000000000000022
    vertex 63.87114285304446 97.62085040442211 6.000000000000022
    vertex 64.16662417510696 99.37180344171917 6.000000000000022
  endloop
endfacet
facet normal 0.0 0.0 1.0
  outer loop
    vertex 63.87114285304446 97.62085040442211 6.000000000000022
    vertex 63.6488572221406 98.97450688522444 6.000000000000022
    vertex 63.816624175106966 97.20673993225807 6.000000000000022
  endloop
endfacet
facet normal 0.0 0.0 1.0
  outer loop
    vertex 64.16662417510696 99.37180344171917 6.000000000000022
    vertex 63.87114285304446 97.62085040442211 6.000000000000022
    vertex 64.03098352905187 98.00673993225807 6.000000000000022
  endloop
endfacet
facet normal 0.0 0.0 1.0
  outer loop
    vertex 64.16662417510696 99.37180344171917 6.000000000000022
    vertex 64.03098352905187 98.00673993225807 6.000000000000022
    vertex 64.28525332520849 98.33811078215655 6.000000000000022
  endloop
endfacet
facet normal 0.0 0.0 1.0
  outer loop
    vertex 64.16662417510696 99.37180344171917 6.000000000000022
    vertex 64.28525332520849 98.33811078215655 6.000000000000022
    vertex 64.76957656235066 99.62155449798074 6.000000000000022
  endloop
endfacet
facet normal 0.0 0.0 1.0
  outer loop
    vertex 64.76957656235066 99.62155449798074 6.000000000000022
    vertex 64.28525332520849 98.33811078215655 6.000000000000022
    vertex 64.61662417510696 98.59238057831317 6.000000000000022
  endloop
endfacet
facet normal 0.0 0.0 1.0
  outer loop
    vertex 64.76957656235066 99.62155449798074 6.000000000000022
    vertex 64.61662417510696 98.59238057831317 6.000000000000022
    vertex 65.00251370294293 98.75222125432057 6.000000000000022
  endloop
endfacet
facet normal 0.0 0.0 1.0
  outer loop
    vertex 64.76957656235066 99.62155449798074 6.000000000000022
    vertex 65.00251370294293 98.75222125432057 6.000000000000022
    vertex 65.41662417510696 99.70673993225807 6.000000000000022
  endloop
endfacet
facet normal 0.0 0.0 1.0
  outer loop
    vertex 65.41662417510696 99.70673993225807 6.000000000000022
    vertex 65.00251370294293 98.75222125432057 6.000000000000022
    vertex 65.41662417510696 98.80673993225807 6.000000000000022
  endloop
endfacet
facet normal 0.0 0.0 1.0
  outer loop
    vertex 65.41662417510696 99.70673993225807 6.000000000000022
    vertex 65.41662417510696 98.80673993225807 6.000000000000022
    vertex 65.83073464727099 98.75222125432057 6.000000000000022
  endloop
endfacet
facet normal 0.0 0.0 1.0
  outer loop
    vertex 65.41662417510696 99.70673993225807 6.000000000000022
    vertex 65.83073464727099 98.75222125432057 6.000000000000022
    vertex 66.06367178786326 99.62155449798074 6.000000000000022
  endloop
endfacet
facet normal 0.0 0.0 1.0
  outer loop
    vertex 66.06367178786326 99.62155449798074 6.000000000000022
    vertex 65.83073464727099 98.75222125432057 6.000000000000022
    vertex 66.21662417510696 98.59238057831317 6.000000000000022
  endloop
endfacet
facet normal 0.0 0.0 1.0
  outer loop
    vertex 66.06367178786326 99.62155449798074 6.000000000000022
    vertex 66.21662417510696 98.59238057831317 6.000000000000022
    vertex 66.66662417510696 99.37180344171917 6.000000000000022
  endloop
endfacet
facet normal 0.0 0.0 1.0
  outer loop
    vertex 66.66662417510696 99.37180344171917 6.000000000000022
    vertex 66.21662417510696 98.59238057831317 6.000000000000022
    vertex 66.54799502500543 98.33811078215655 6.000000000000022
  endloop
endfacet
facet normal 0.0 0.0 1.0
  outer loop
    vertex 66.66662417510696 99.37180344171917 6.000000000000022
    vertex 66.54799502500543 98.33811078215655 6.000000000000022
    vertex 66.80226482116205 98.00673993225807 6.000000000000022
  endloop
endfacet
facet normal 0.0 0.0 1.0
  outer loop
    vertex 66.66662417510696 99.37180344171917 6.000000000000022
    vertex 66.80226482116205 98.00673993225807 6.000000000000022
    vertex 67.18439112807332 98.97450688522444 6.000000000000022
  endloop
endfacet
facet normal 0.0 0.0 1.0
  outer loop
    vertex 67.18439112807332 98.97450688522444 6.000000000000022
    vertex 66.80226482116205 98.00673993225807 6.000000000000022
    vertex 66.96210549716946 97.62085040442211 6.000000000000022
  endloop
endfacet
facet normal 0.0 0.0 1.0
  outer loop
    vertex 67.18439112807332 98.97450688522444 6.000000000000022
    vertex 66.96210549716946 97.62085040442211 6.000000000000022
    vertex 67.01662417510695 97.20673993225807 6.000000000000022
  endloop
endfacet
facet normal 0.0 0.0 1.0
  outer loop
    vertex 67.18439112807332 98.97450688522444 6.000000000000022
    vertex 67.01662417510695 97.20673993225807 6.000000000000022
    vertex 67.18439112807332 95.43897297929172 6.000000000000022
  endloop
endfacet
facet normal 0.0 0.0 1.0
  outer loop
    vertex 67.18439112807332 98.97450688522444 6.000000000000022
    vertex 67.18439112807332 95.43897297929172 6.000000000000022
    vertex 67.58168768456805 95.95673993225807 6.000000000000022
  endloop
endfacet
facet normal 0.0 0.0 1.0
  outer loop
    vertex 67.18439112807332 98.97450688522444 6.000000000000022
    vertex 67.58168768456805 95.95673993225807 6.000000000000022
    vertex 67.58168768456805 98.45673993225807 6.000000000000022
  endloop
endfacet
facet normal 0.0 0.0 1.0
  outer loop
    vertex 67.58168768456805 98.45673993225807 6.000000000000022
    vertex 67.58168768456805 95.95673993225807 6.000000000000022
    vertex 67.83143874082963 96.55969231950178 6.000000000000022
  endloop
endfacet
facet normal 0.0 0.0 1.0
  outer loop
    vertex 67.58168768456805 98.45673993225807 6.000000000000022
    vertex 67.83143874082963 96.55969231950178 6.000000000000022
    vertex 67.83143874082963 97.85378754501437 6.000000000000022
  endloop
endfacet
facet normal 0.0 0.0 1.0
  outer loop
    vertex 67.83143874082963 97.85378754501437 6.000000000000022
    vertex 67.83143874082963 96.55969231950178 6.000000000000022
    vertex 67.91662417510696 97.20673993225807 6.000000000000022
  endloop
endfacet
facet normal 0.9914448613738099 -0.13052619222005613 0.0
  outer loop
    vertex 67.91662417510696 97.20673993225807 2.000000000000022
    vertex 67.83143874082963 96.55969231950178 6.000000000000022
    vertex 67.83143874082963 96.55969231950178 2.000000000000022
  endloop
endfacet
facet normal 0.9914448613738099 -0.13052619222005613 0.0
  outer loop
    vertex 67.83143874082963 96.55969231950178 6.000000000000022
    vertex 67.91662417510696 97.20673993225807 2.000000000000022
    vertex 67.91662417510696 97.20673993225807 6.000000000000022
  endloop
endfacet
facet normal 0.9914448613738099 0.13052619222005613 0.0
  outer loop
    vertex 67.83143874082963 97.85378754501437 2.000000000000022
    vertex 67.91662417510696 97.20673993225807 6.000000000000022
    vertex 67.91662417510696 97.20673993225807 2.000000000000022
  endloop
endfacet
facet normal 0.9914448613738099 0.13052619222005613 0.0
  outer loop
    vertex 67.91662417510696 97.20673993225807 6.000000000000022
    vertex 67.83143874082963 97.85378754501437 2.000000000000022
    vertex 67.83143874082963 97.85378754501437 6.000000000000022
  endloop
endfacet
facet normal 0.9238795325112896 0.38268343236508284 0.0
  outer loop
    vertex 67.58168768456805 98.45673993225807 2.000000000000022
    vertex 67.83143874082963 97.85378754501437 6.000000000000022
    vertex 67.83143874082963 97.85378754501437 2.000000000000022
  endloop
endfacet
facet normal 0.9238795325112896 0.38268343236508284 0.0
  outer loop
    vertex 67.83143874082963 97.85378754501437 6.000000000000022
    vertex 67.58168768456805 98.45673993225807 2.000000000000022
    vertex 67.58168768456805 98.45673993225807 6.000000000000022
  endloop
endfacet
facet normal 0.7933533402912287 0.6087614290087292 0.0
  outer loop
    vertex 67.18439112807332 98.97450688522444 2.000000000000022
    vertex 67.58168768456805 98.45673993225807 6.000000000000022
    vertex 67.58168768456805 98.45673993225807 2.000000000000022
  endloop
endfacet
facet normal 0.7933533402912287 0.6087614290087292 0.0
  outer loop
    vertex 67.58168768456805 98.45673993225807 6.000000000000022
    vertex 67.18439112807332 98.97450688522444 2.000000000000022
    vertex 67.18439112807332 98.97450688522444 6.000000000000022
  endloop
endfacet
facet normal 0.6087614290087292 0.7933533402912287 0.0
  outer loop
    vertex 66.66662417510696 99.37180344171917 6.000000000000022
    vertex 67.18439112807332 98.97450688522444 2.000000000000022
    vertex 66.66662417510696 99.37180344171917 2.000000000000022
  endloop
endfacet
facet normal 0.6087614290087292 0.7933533402912287 0.0
  outer loop
    vertex 67.18439112807332 98.97450688522444 2.000000000000022
    vertex 66.66662417510696 99.37180344171917 6.000000000000022
    vertex 67.18439112807332 98.97450688522444 6.000000000000022
  endloop
endfacet
facet normal 0.38268343236508284 0.9238795325112896 0.0
  outer loop
    vertex 66.06367178786326 99.62155449798074 6.000000000000022
    vertex 66.66662417510696 99.37180344171917 2.000000000000022
    vertex 66.06367178786326 99.62155449798074 2.000000000000022
  endloop
endfacet
facet normal 0.38268343236508284 0.9238795325112896 0.0
  outer loop
    vertex 66.66662417510696 99.37180344171917 2.000000000000022
    vertex 66.06367178786326 99.62155449798074 6.000000000000022
    vertex 66.66662417510696 99.37180344171917 6.000000000000022
  endloop
endfacet
facet normal 0.13052619222005613 0.9914448613738099 0.0
  outer loop
    vertex 65.41662417510696 99.70673993225807 6.000000000000022
    vertex 66.06367178786326 99.62155449798074 2.000000000000022
    vertex 65.41662417510696 99.70673993225807 2.000000000000022
  endloop
endfacet
facet normal 0.13052619222005613 0.9914448613738099 0.0
  outer loop
    vertex 66.06367178786326 99.62155449798074 2.000000000000022
    vertex 65.41662417510696 99.70673993225807 6.000000000000022
    vertex 66.06367178786326 99.62155449798074 6.000000000000022
  endloop
endfacet
facet normal -0.13052619222005613 0.9914448613738099 0.0
  outer loop
    vertex 64.76957656235066 99.62155449798074 6.000000000000022
    vertex 65.41662417510696 99.70673993225807 2.000000000000022
    vertex 64.76957656235066 99.62155449798074 2.000000000000022
  endloop
endfacet
facet normal -0.13052619222005613 0.9914448613738099 0.0
  outer loop
    vertex 65.41662417510696 99.70673993225807 2.000000000000022
    vertex 64.76957656235066 99.62155449798074 6.000000000000022
    vertex 65.41662417510696 99.70673993225807 6.000000000000022
  endloop
endfacet
facet normal -0.38268343236508284 0.9238795325112896 0.0
  outer loop
    vertex 64.16662417510696 99.37180344171917 6.000000000000022
    vertex 64.76957656235066 99.62155449798074 2.000000000000022
    vertex 64.16662417510696 99.37180344171917 2.000000000000022
  endloop
endfacet
facet normal -0.38268343236508284 0.9238795325112896 0.0
  outer loop
    vertex 64.76957656235066 99.62155449798074 2.000000000000022
    vertex 64.16662417510696 99.37180344171917 6.000000000000022
    vertex 64.76957656235066 99.62155449798074 6.000000000000022
  endloop
endfacet
facet normal -0.6087614290087292 0.7933533402912287 0.0
  outer loop
    vertex 63.6488572221406 98.97450688522444 6.000000000000022
    vertex 64.16662417510696 99.37180344171917 2.000000000000022
    vertex 63.6488572221406 98.97450688522444 2.000000000000022
  endloop
endfacet
facet normal -0.6087614290087292 0.7933533402912287 0.0
  outer loop
    vertex 64.16662417510696 99.37180344171917 2.000000000000022
    vertex 63.6488572221406 98.97450688522444 6.000000000000022
    vertex 64.16662417510696 99.37180344171917 6.000000000000022
  endloop
endfacet
facet normal -0.7933533402912287 0.6087614290087292 0.0
  outer loop
    vertex 63.6488572221406 98.97450688522444 6.000000000000022
    vertex 63.25156066564586 98.45673993225807 2.000000000000022
    vertex 63.25156066564586 98.45673993225807 6.000000000000022
  endloop
endfacet
facet normal -0.7933533402912287 0.6087614290087292 0.0
  outer loop
    vertex 63.25156066564586 98.45673993225807 2.000000000000022
    vertex 63.6488572221406 98.97450688522444 6.000000000000022
    vertex 63.6488572221406 98.97450688522444 2.000000000000022
  endloop
endfacet
facet normal -0.9238795325112896 0.38268343236508284 0.0
  outer loop
    vertex 63.25156066564586 98.45673993225807 6.000000000000022
    vertex 63.001809609384296 97.85378754501437 2.000000000000022
    vertex 63.001809609384296 97.85378754501437 6.000000000000022
  endloop
endfacet
facet normal -0.9238795325112896 0.38268343236508284 0.0
  outer loop
    vertex 63.001809609384296 97.85378754501437 2.000000000000022
    vertex 63.25156066564586 98.45673993225807 6.000000000000022
    vertex 63.25156066564586 98.45673993225807 2.000000000000022
  endloop
endfacet
facet normal -0.9914448613738099 0.13052619222005613 0.0
  outer loop
    vertex 63.001809609384296 97.85378754501437 6.000000000000022
    vertex 62.91662417510697 97.20673993225807 2.000000000000022
    vertex 62.91662417510697 97.20673993225807 6.000000000000022
  endloop
endfacet
facet normal -0.9914448613738099 0.13052619222005613 0.0
  outer loop
    vertex 62.91662417510697 97.20673993225807 2.000000000000022
    vertex 63.001809609384296 97.85378754501437 6.000000000000022
    vertex 63.001809609384296 97.85378754501437 2.000000000000022
  endloop
endfacet
facet normal -0.9914448613738099 -0.13052619222005613 -0.0
  outer loop
    vertex 62.91662417510697 97.20673993225807 6.000000000000022
    vertex 63.001809609384296 96.55969231950178 2.000000000000022
    vertex 63.001809609384296 96.55969231950178 6.000000000000022
  endloop
endfacet
facet normal -0.9914448613738099 -0.13052619222005613 -0.0
  outer loop
    vertex 63.001809609384296 96.55969231950178 2.000000000000022
    vertex 62.91662417510697 97.20673993225807 6.000000000000022
    vertex 62.91662417510697 97.20673993225807 2.000000000000022
  endloop
endfacet
facet normal -0.9238795325112896 -0.38268343236508284 -0.0
  outer loop
    vertex 63.001809609384296 96.55969231950178 6.000000000000022
    vertex 63.25156066564586 95.95673993225807 2.000000000000022
    vertex 63.25156066564586 95.95673993225807 6.000000000000022
  endloop
endfacet
facet normal -0.9238795325112896 -0.38268343236508284 -0.0
  outer loop
    vertex 63.25156066564586 95.95673993225807 2.000000000000022
    vertex 63.001809609384296 96.55969231950178 6.000000000000022
    vertex 63.001809609384296 96.55969231950178 2.000000000000022
  endloop
endfacet
facet normal -0.7933533402912287 -0.6087614290087292 -0.0
  outer loop
    vertex 63.25156066564586 95.95673993225807 6.000000000000022
    vertex 63.6488572221406 95.43897297929172 2.000000000000022
    vertex 63.6488572221406 95.43897297929172 6.000000000000022
  endloop
endfacet
facet normal -0.7933533402912287 -0.6087614290087292 -0.0
  outer loop
    vertex 63.6488572221406 95.43897297929172 2.000000000000022
    vertex 63.25156066564586 95.95673993225807 6.000000000000022
    vertex 63.25156066564586 95.95673993225807 2.000000000000022
  endloop
endfacet
facet normal -0.6087614290087292 -0.7933533402912287 -0.0
  outer loop
    vertex 64.16662417510696 95.04167642279698 6.000000000000022
    vertex 63.6488572221406 95.43897297929172 2.000000000000022
    vertex 64.16662417510696 95.04167642279698 2.000000000000022
  endloop
endfacet
facet normal -0.6087614290087292 -0.7933533402912287 -0.0
  outer loop
    vertex 63.6488572221406 95.43897297929172 2.000000000000022
    vertex 64.16662417510696 95.04167642279698 6.000000000000022
    vertex 63.6488572221406 95.43897297929172 6.000000000000022
  endloop
endfacet
facet normal -0.38268343236508284 -0.9238795325112896 -0.0
  outer loop
    vertex 64.76957656235066 94.79192536653541 6.000000000000022
    vertex 64.16662417510696 95.04167642279698 2.000000000000022
    vertex 64.76957656235066 94.79192536653541 2.000000000000022
  endloop
endfacet
facet normal -0.38268343236508284 -0.9238795325112896 -0.0
  outer loop
    vertex 64.16662417510696 95.04167642279698 2.000000000000022
    vertex 64.76957656235066 94.79192536653541 6.000000000000022
    vertex 64.16662417510696 95.04167642279698 6.000000000000022
  endloop
endfacet
facet normal -0.13052619222005613 -0.9914448613738099 -0.0
  outer loop
    vertex 65.41662417510696 94.70673993225807 6.000000000000022
    vertex 64.76957656235066 94.79192536653541 2.000000000000022
    vertex 65.41662417510696 94.70673993225807 2.000000000000022
  endloop
endfacet
facet normal -0.13052619222005613 -0.9914448613738099 -0.0
  outer loop
    vertex 64.76957656235066 94.79192536653541 2.000000000000022
    vertex 65.41662417510696 94.70673993225807 6.000000000000022
    vertex 64.76957656235066 94.79192536653541 6.000000000000022
  endloop
endfacet
facet normal 0.13052619222005613 -0.9914448613738099 0.0
  outer loop
    vertex 66.06367178786326 94.79192536653541 6.000000000000022
    vertex 65.41662417510696 94.70673993225807 2.000000000000022
    vertex 66.06367178786326 94.79192536653541 2.000000000000022
  endloop
endfacet
facet normal 0.13052619222005613 -0.9914448613738099 0.0
  outer loop
    vertex 65.41662417510696 94.70673993225807 2.000000000000022
    vertex 66.06367178786326 94.79192536653541 6.000000000000022
    vertex 65.41662417510696 94.70673993225807 6.000000000000022
  endloop
endfacet
facet normal 0.38268343236508284 -0.9238795325112896 0.0
  outer loop
    vertex 66.66662417510696 95.04167642279698 6.000000000000022
    vertex 66.06367178786326 94.79192536653541 2.000000000000022
    vertex 66.66662417510696 95.04167642279698 2.000000000000022
  endloop
endfacet
facet normal 0.38268343236508284 -0.9238795325112896 0.0
  outer loop
    vertex 66.06367178786326 94.79192536653541 2.000000000000022
    vertex 66.66662417510696 95.04167642279698 6.000000000000022
    vertex 66.06367178786326 94.79192536653541 6.000000000000022
  endloop
endfacet
facet normal 0.6087614290087292 -0.7933533402912287 0.0
  outer loop
    vertex 67.18439112807332 95.43897297929172 6.000000000000022
    vertex 66.66662417510696 95.04167642279698 2.000000000000022
    vertex 67.18439112807332 95.43897297929172 2.000000000000022
  endloop
endfacet
facet normal 0.6087614290087292 -0.7933533402912287 0.0
  outer loop
    vertex 66.66662417510696 95.04167642279698 2.000000000000022
    vertex 67.18439112807332 95.43897297929172 6.000000000000022
    vertex 66.66662417510696 95.04167642279698 6.000000000000022
  endloop
endfacet
facet normal 0.7933533402912287 -0.6087614290087292 0.0
  outer loop
    vertex 67.58168768456805 95.95673993225807 2.000000000000022
    vertex 67.18439112807332 95.43897297929172 6.000000000000022
    vertex 67.18439112807332 95.43897297929172 2.000000000000022
  endloop
endfacet
facet normal 0.7933533402912287 -0.6087614290087292 0.0
  outer loop
    vertex 67.18439112807332 95.43897297929172 6.000000000000022
    vertex 67.58168768456805 95.95673993225807 2.000000000000022
    vertex 67.58168768456805 95.95673993225807 6.000000000000022
  endloop
endfacet
facet normal 0.9238795325112896 -0.38268343236508284 0.0
  outer loop
    vertex 67.83143874082963 96.55969231950178 2.000000000000022
    vertex 67.58168768456805 95.95673993225807 6.000000000000022
    vertex 67.58168768456805 95.95673993225807 2.000000000000022
  endloop
endfacet
facet normal 0.9238795325112896 -0.38268343236508284 0.0
  outer loop
    vertex 67.58168768456805 95.95673993225807 6.000000000000022
    vertex 67.83143874082963 96.55969231950178 2.000000000000022
    vertex 67.83143874082963 96.55969231950178 6.000000000000022
  endloop
endfacet
facet normal -0.13052619222004952 0.9914448613738108 -0.0
  outer loop
    vertex 65.41662417510696 30.60673993225808 6.000000000000022
    vertex 65.83073464727099 30.66125861019557 2.1854740239746206e-14
    vertex 65.41662417510696 30.60673993225808 2.1854740239746206e-14
  endloop
endfacet
facet normal -0.13052619222004952 0.9914448613738108 -0.0
  outer loop
    vertex 65.83073464727099 30.66125861019557 2.1854740239746206e-14
    vertex 65.41662417510696 30.60673993225808 6.000000000000022
    vertex 65.83073464727099 30.66125861019557 6.000000000000022
  endloop
endfacet
facet normal -0.3826834323650867 0.9238795325112881 -0.0
  outer loop
    vertex 65.83073464727099 30.66125861019557 6.000000000000022
    vertex 66.21662417510696 30.821099286202976 2.1854740239746206e-14
    vertex 65.83073464727099 30.66125861019557 2.1854740239746206e-14
  endloop
endfacet
facet normal -0.3826834323650867 0.9238795325112881 -0.0
  outer loop
    vertex 66.21662417510696 30.821099286202976 2.1854740239746206e-14
    vertex 65.83073464727099 30.66125861019557 6.000000000000022
    vertex 66.21662417510696 30.821099286202976 6.000000000000022
  endloop
endfacet
facet normal -0.6087614290087265 0.7933533402912306 -0.0
  outer loop
    vertex 66.21662417510696 30.821099286202976 6.000000000000022
    vertex 66.54799502500543 31.0753690823596 2.1854740239746206e-14
    vertex 66.21662417510696 30.821099286202976 2.1854740239746206e-14
  endloop
endfacet
facet normal -0.6087614290087265 0.7933533402912306 -0.0
  outer loop
    vertex 66.54799502500543 31.0753690823596 2.1854740239746206e-14
    vertex 66.21662417510696 30.821099286202976 6.000000000000022
    vertex 66.54799502500543 31.0753690823596 6.000000000000022
  endloop
endfacet
facet normal -0.7933533402912356 0.60876142900872 -0.0
  outer loop
    vertex 66.80226482116205 31.406739932258077 6.000000000000022
    vertex 66.54799502500543 31.0753690823596 2.1854740239746206e-14
    vertex 66.54799502500543 31.0753690823596 6.000000000000022
  endloop
endfacet
facet normal -0.7933533402912356 0.60876142900872 -0.0
  outer loop
    vertex 66.54799502500543 31.0753690823596 2.1854740239746206e-14
    vertex 66.80226482116205 31.406739932258077 6.000000000000022
    vertex 66.80226482116205 31.406739932258077 2.1854740239746206e-14
  endloop
endfacet
facet normal -0.9238795325112881 0.3826834323650867 -0.0
  outer loop
    vertex 66.96210549716946 31.792629460094044 6.000000000000022
    vertex 66.80226482116205 31.406739932258077 2.1854740239746206e-14
    vertex 66.80226482116205 31.406739932258077 6.000000000000022
  endloop
endfacet
facet normal -0.9238795325112881 0.3826834323650867 -0.0
  outer loop
    vertex 66.80226482116205 31.406739932258077 2.1854740239746206e-14
    vertex 66.96210549716946 31.792629460094044 6.000000000000022
    vertex 66.96210549716946 31.792629460094044 2.1854740239746206e-14
  endloop
endfacet
facet normal -0.991444861373809 0.1305261922200628 -0.0
  outer loop
    vertex 67.01662417510695 32.206739932258074 6.000000000000022
    vertex 66.96210549716946 31.792629460094044 2.1854740239746206e-14
    vertex 66.96210549716946 31.792629460094044 6.000000000000022
  endloop
endfacet
facet normal -0.991444861373809 0.1305261922200628 -0.0
  outer loop
    vertex 66.96210549716946 31.792629460094044 2.1854740239746206e-14
    vertex 67.01662417510695 32.206739932258074 6.000000000000022
    vertex 67.01662417510695 32.206739932258074 2.1854740239746206e-14
  endloop
endfacet
facet normal -0.991444861373809 -0.1305261922200628 -0.0
  outer loop
    vertex 66.96210549716946 32.62085040442211 6.000000000000022
    vertex 67.01662417510695 32.206739932258074 2.1854740239746206e-14
    vertex 67.01662417510695 32.206739932258074 6.000000000000022
  endloop
endfacet
facet normal -0.991444861373809 -0.1305261922200628 -0.0
  outer loop
    vertex 67.01662417510695 32.206739932258074 2.1854740239746206e-14
    vertex 66.96210549716946 32.62085040442211 6.000000000000022
    vertex 66.96210549716946 32.62085040442211 2.1854740239746206e-14
  endloop
endfacet
facet normal -0.9238795325112881 -0.3826834323650867 -0.0
  outer loop
    vertex 66.80226482116205 33.00673993225808 6.000000000000022
    vertex 66.96210549716946 32.62085040442211 2.1854740239746206e-14
    vertex 66.96210549716946 32.62085040442211 6.000000000000022
  endloop
endfacet
facet normal -0.9238795325112881 -0.3826834323650867 -0.0
  outer loop
    vertex 66.96210549716946 32.62085040442211 2.1854740239746206e-14
    vertex 66.80226482116205 33.00673993225808 6.000000000000022
    vertex 66.80226482116205 33.00673993225808 2.1854740239746206e-14
  endloop
endfacet
facet normal -0.7933533402912356 -0.60876142900872 -0.0
  outer loop
    vertex 66.54799502500543 33.338110782156555 6.000000000000022
    vertex 66.80226482116205 33.00673993225808 2.1854740239746206e-14
    vertex 66.80226482116205 33.00673993225808 6.000000000000022
  endloop
endfacet
facet normal -0.7933533402912356 -0.60876142900872 -0.0
  outer loop
    vertex 66.80226482116205 33.00673993225808 2.1854740239746206e-14
    vertex 66.54799502500543 33.338110782156555 6.000000000000022
    vertex 66.54799502500543 33.338110782156555 2.1854740239746206e-14
  endloop
endfacet
facet normal -0.6087614290087265 -0.7933533402912306 -0.0
  outer loop
    vertex 66.54799502500543 33.338110782156555 6.000000000000022
    vertex 66.21662417510696 33.592380578313175 2.1854740239746206e-14
    vertex 66.54799502500543 33.338110782156555 2.1854740239746206e-14
  endloop
endfacet
facet normal -0.6087614290087265 -0.7933533402912306 -0.0
  outer loop
    vertex 66.21662417510696 33.592380578313175 2.1854740239746206e-14
    vertex 66.54799502500543 33.338110782156555 6.000000000000022
    vertex 66.21662417510696 33.592380578313175 6.000000000000022
  endloop
endfacet
facet normal -0.3826834323650867 -0.9238795325112881 -0.0
  outer loop
    vertex 66.21662417510696 33.592380578313175 6.000000000000022
    vertex 65.83073464727099 33.75222125432058 2.1854740239746206e-14
    vertex 66.21662417510696 33.592380578313175 2.1854740239746206e-14
  endloop
endfacet
facet normal -0.3826834323650867 -0.9238795325112881 -0.0
  outer loop
    vertex 65.83073464727099 33.75222125432058 2.1854740239746206e-14
    vertex 66.21662417510696 33.592380578313175 6.000000000000022
    vertex 65.83073464727099 33.75222125432058 6.000000000000022
  endloop
endfacet
facet normal -0.13052619222004952 -0.9914448613738108 -0.0
  outer loop
    vertex 65.83073464727099 33.75222125432058 6.000000000000022
    vertex 65.41662417510696 33.806739932258075 2.1854740239746206e-14
    vertex 65.83073464727099 33.75222125432058 2.1854740239746206e-14
  endloop
endfacet
facet normal -0.13052619222004952 -0.9914448613738108 -0.0
  outer loop
    vertex 65.41662417510696 33.806739932258075 2.1854740239746206e-14
    vertex 65.83073464727099 33.75222125432058 6.000000000000022
    vertex 65.41662417510696 33.806739932258075 6.000000000000022
  endloop
endfacet
facet normal 0.13052619222004952 -0.9914448613738108 -0.0
  outer loop
    vertex 65.41662417510696 33.806739932258075 6.000000000000022
    vertex 65.00251370294293 33.75222125432058 2.1854740239746206e-14
    vertex 65.41662417510696 33.806739932258075 2.1854740239746206e-14
  endloop
endfacet
facet normal 0.13052619222004952 -0.9914448613738108 -0.0
  outer loop
    vertex 65.00251370294293 33.75222125432058 2.1854740239746206e-14
    vertex 65.41662417510696 33.806739932258075 6.000000000000022
    vertex 65.00251370294293 33.75222125432058 6.000000000000022
  endloop
endfacet
facet normal 0.3826834323650867 -0.9238795325112881 -0.0
  outer loop
    vertex 65.00251370294293 33.75222125432058 6.000000000000022
    vertex 64.61662417510696 33.592380578313175 2.1854740239746206e-14
    vertex 65.00251370294293 33.75222125432058 2.1854740239746206e-14
  endloop
endfacet
facet normal 0.3826834323650867 -0.9238795325112881 -0.0
  outer loop
    vertex 64.61662417510696 33.592380578313175 2.1854740239746206e-14
    vertex 65.00251370294293 33.75222125432058 6.000000000000022
    vertex 64.61662417510696 33.592380578313175 6.000000000000022
  endloop
endfacet
facet normal 0.6087614290087265 -0.7933533402912306 -0.0
  outer loop
    vertex 64.61662417510696 33.592380578313175 6.000000000000022
    vertex 64.28525332520849 33.338110782156555 2.1854740239746206e-14
    vertex 64.61662417510696 33.592380578313175 2.1854740239746206e-14
  endloop
endfacet
facet normal 0.6087614290087265 -0.7933533402912306 -0.0
  outer loop
    vertex 64.28525332520849 33.338110782156555 2.1854740239746206e-14
    vertex 64.61662417510696 33.592380578313175 6.000000000000022
    vertex 64.28525332520849 33.338110782156555 6.000000000000022
  endloop
endfacet
facet normal 0.7933533402912356 -0.60876142900872 -0.0
  outer loop
    vertex 64.28525332520849 33.338110782156555 2.1854740239746206e-14
    vertex 64.03098352905187 33.00673993225808 6.000000000000022
    vertex 64.03098352905187 33.00673993225808 2.1854740239746206e-14
  endloop
endfacet
facet normal 0.7933533402912356 -0.60876142900872 -0.0
  outer loop
    vertex 64.03098352905187 33.00673993225808 6.000000000000022
    vertex 64.28525332520849 33.338110782156555 2.1854740239746206e-14
    vertex 64.28525332520849 33.338110782156555 6.000000000000022
  endloop
endfacet
facet normal 0.9238795325112881 -0.3826834323650867 -0.0
  outer loop
    vertex 64.03098352905187 33.00673993225808 2.1854740239746206e-14
    vertex 63.87114285304446 32.62085040442211 6.000000000000022
    vertex 63.87114285304446 32.62085040442211 2.1854740239746206e-14
  endloop
endfacet
facet normal 0.9238795325112881 -0.3826834323650867 -0.0
  outer loop
    vertex 63.87114285304446 32.62085040442211 6.000000000000022
    vertex 64.03098352905187 33.00673993225808 2.1854740239746206e-14
    vertex 64.03098352905187 33.00673993225808 6.000000000000022
  endloop
endfacet
facet normal 0.991444861373809 -0.1305261922200628 -0.0
  outer loop
    vertex 63.87114285304446 32.62085040442211 2.1854740239746206e-14
    vertex 63.816624175106966 32.206739932258074 6.000000000000022
    vertex 63.816624175106966 32.206739932258074 2.1854740239746206e-14
  endloop
endfacet
facet normal 0.991444861373809 -0.1305261922200628 -0.0
  outer loop
    vertex 63.816624175106966 32.206739932258074 6.000000000000022
    vertex 63.87114285304446 32.62085040442211 2.1854740239746206e-14
    vertex 63.87114285304446 32.62085040442211 6.000000000000022
  endloop
endfacet
facet normal 0.991444861373809 0.1305261922200628 0.0
  outer loop
    vertex 63.816624175106966 32.206739932258074 2.1854740239746206e-14
    vertex 63.87114285304446 31.792629460094044 6.000000000000022
    vertex 63.87114285304446 31.792629460094044 2.1854740239746206e-14
  endloop
endfacet
facet normal 0.991444861373809 0.1305261922200628 0.0
  outer loop
    vertex 63.87114285304446 31.792629460094044 6.000000000000022
    vertex 63.816624175106966 32.206739932258074 2.1854740239746206e-14
    vertex 63.816624175106966 32.206739932258074 6.000000000000022
  endloop
endfacet
facet normal 0.9238795325112881 0.3826834323650867 0.0
  outer loop
    vertex 63.87114285304446 31.792629460094044 2.1854740239746206e-14
    vertex 64.03098352905187 31.406739932258077 6.000000000000022
    vertex 64.03098352905187 31.406739932258077 2.1854740239746206e-14
  endloop
endfacet
facet normal 0.9238795325112881 0.3826834323650867 0.0
  outer loop
    vertex 64.03098352905187 31.406739932258077 6.000000000000022
    vertex 63.87114285304446 31.792629460094044 2.1854740239746206e-14
    vertex 63.87114285304446 31.792629460094044 6.000000000000022
  endloop
endfacet
facet normal 0.7933533402912356 0.60876142900872 0.0
  outer loop
    vertex 64.03098352905187 31.406739932258077 2.1854740239746206e-14
    vertex 64.28525332520849 31.0753690823596 6.000000000000022
    vertex 64.28525332520849 31.0753690823596 2.1854740239746206e-14
  endloop
endfacet
facet normal 0.7933533402912356 0.60876142900872 0.0
  outer loop
    vertex 64.28525332520849 31.0753690823596 6.000000000000022
    vertex 64.03098352905187 31.406739932258077 2.1854740239746206e-14
    vertex 64.03098352905187 31.406739932258077 6.000000000000022
  endloop
endfacet
facet normal 0.6087614290087265 0.7933533402912306 0.0
  outer loop
    vertex 64.28525332520849 31.0753690823596 6.000000000000022
    vertex 64.61662417510696 30.821099286202976 2.1854740239746206e-14
    vertex 64.28525332520849 31.0753690823596 2.1854740239746206e-14
  endloop
endfacet
facet normal 0.6087614290087265 0.7933533402912306 0.0
  outer loop
    vertex 64.61662417510696 30.821099286202976 2.1854740239746206e-14
    vertex 64.28525332520849 31.0753690823596 6.000000000000022
    vertex 64.61662417510696 30.821099286202976 6.000000000000022
  endloop
endfacet
facet normal 0.3826834323650867 0.9238795325112881 0.0
  outer loop
    vertex 64.61662417510696 30.821099286202976 6.000000000000022
    vertex 65.00251370294293 30.66125861019557 2.1854740239746206e-14
    vertex 64.61662417510696 30.821099286202976 2.1854740239746206e-14
  endloop
endfacet
facet normal 0.3826834323650867 0.9238795325112881 0.0
  outer loop
    vertex 65.00251370294293 30.66125861019557 2.1854740239746206e-14
    vertex 64.61662417510696 30.821099286202976 6.000000000000022
    vertex 65.00251370294293 30.66125861019557 6.000000000000022
  endloop
endfacet
facet normal 0.13052619222004952 0.9914448613738108 0.0
  outer loop
    vertex 65.00251370294293 30.66125861019557 6.000000000000022
    vertex 65.41662417510696 30.60673993225808 2.1854740239746206e-14
    vertex 65.00251370294293 30.66125861019557 2.1854740239746206e-14
  endloop
endfacet
facet normal 0.13052619222004952 0.9914448613738108 0.0
  outer loop
    vertex 65.41662417510696 30.60673993225808 2.1854740239746206e-14
    vertex 65.00251370294293 30.66125861019557 6.000000000000022
    vertex 65.41662417510696 30.60673993225808 6.000000000000022
  endloop
endfacet
facet normal -0.7933533402912306 -0.6087614290087265 -0.0
  outer loop
    vertex 66.54799502500543 98.33811078215655 6.000000000000022
    vertex 66.80226482116205 98.00673993225807 2.1854740239746206e-14
    vertex 66.80226482116205 98.00673993225807 6.000000000000022
  endloop
endfacet
facet normal -0.7933533402912306 -0.6087614290087265 -0.0
  outer loop
    vertex 66.80226482116205 98.00673993225807 2.1854740239746206e-14
    vertex 66.54799502500543 98.33811078215655 6.000000000000022
    vertex 66.54799502500543 98.33811078215655 2.1854740239746206e-14
  endloop
endfacet
facet normal -0.6087614290087265 -0.7933533402912306 -0.0
  outer loop
    vertex 66.54799502500543 98.33811078215655 6.000000000000022
    vertex 66.21662417510696 98.59238057831317 2.1854740239746206e-14
    vertex 66.54799502500543 98.33811078215655 2.1854740239746206e-14
  endloop
endfacet
facet normal -0.6087614290087265 -0.7933533402912306 -0.0
  outer loop
    vertex 66.21662417510696 98.59238057831317 2.1854740239746206e-14
    vertex 66.54799502500543 98.33811078215655 6.000000000000022
    vertex 66.21662417510696 98.59238057831317 6.000000000000022
  endloop
endfacet
facet normal -0.3826834323650867 -0.9238795325112881 -0.0
  outer loop
    vertex 66.21662417510696 98.59238057831317 6.000000000000022
    vertex 65.83073464727099 98.75222125432057 2.1854740239746206e-14
    vertex 66.21662417510696 98.59238057831317 2.1854740239746206e-14
  endloop
endfacet
facet normal -0.3826834323650867 -0.9238795325112881 -0.0
  outer loop
    vertex 65.83073464727099 98.75222125432057 2.1854740239746206e-14
    vertex 66.21662417510696 98.59238057831317 6.000000000000022
    vertex 65.83073464727099 98.75222125432057 6.000000000000022
  endloop
endfacet
facet normal -0.1305261922200628 -0.991444861373809 -0.0
  outer loop
    vertex 65.83073464727099 98.75222125432057 6.000000000000022
    vertex 65.41662417510696 98.80673993225807 2.1854740239746206e-14
    vertex 65.83073464727099 98.75222125432057 2.1854740239746206e-14
  endloop
endfacet
facet normal -0.1305261922200628 -0.991444861373809 -0.0
  outer loop
    vertex 65.41662417510696 98.80673993225807 2.1854740239746206e-14
    vertex 65.83073464727099 98.75222125432057 6.000000000000022
    vertex 65.41662417510696 98.80673993225807 6.000000000000022
  endloop
endfacet
facet normal 0.1305261922200628 -0.991444861373809 -0.0
  outer loop
    vertex 65.41662417510696 98.80673993225807 6.000000000000022
    vertex 65.00251370294293 98.75222125432057 2.1854740239746206e-14
    vertex 65.41662417510696 98.80673993225807 2.1854740239746206e-14
  endloop
endfacet
facet normal 0.1305261922200628 -0.991444861373809 -0.0
  outer loop
    vertex 65.00251370294293 98.75222125432057 2.1854740239746206e-14
    vertex 65.41662417510696 98.80673993225807 6.000000000000022
    vertex 65.00251370294293 98.75222125432057 6.000000000000022
  endloop
endfacet
facet normal 0.3826834323650867 -0.9238795325112881 -0.0
  outer loop
    vertex 65.00251370294293 98.75222125432057 6.000000000000022
    vertex 64.61662417510696 98.59238057831317 2.1854740239746206e-14
    vertex 65.00251370294293 98.75222125432057 2.1854740239746206e-14
  endloop
endfacet
facet normal 0.3826834323650867 -0.9238795325112881 -0.0
  outer loop
    vertex 64.61662417510696 98.59238057831317 2.1854740239746206e-14
    vertex 65.00251370294293 98.75222125432057 6.000000000000022
    vertex 64.61662417510696 98.59238057831317 6.000000000000022
  endloop
endfacet
facet normal 0.6087614290087265 -0.7933533402912306 -0.0
  outer loop
    vertex 64.61662417510696 98.59238057831317 6.000000000000022
    vertex 64.28525332520849 98.33811078215655 2.1854740239746206e-14
    vertex 64.61662417510696 98.59238057831317 2.1854740239746206e-14
  endloop
endfacet
facet normal 0.6087614290087265 -0.7933533402912306 -0.0
  outer loop
    vertex 64.28525332520849 98.33811078215655 2.1854740239746206e-14
    vertex 64.61662417510696 98.59238057831317 6.000000000000022
    vertex 64.28525332520849 98.33811078215655 6.000000000000022
  endloop
endfacet
facet normal 0.7933533402912306 -0.6087614290087265 -0.0
  outer loop
    vertex 64.28525332520849 98.33811078215655 2.1854740239746206e-14
    vertex 64.03098352905187 98.00673993225807 6.000000000000022
    vertex 64.03098352905187 98.00673993225807 2.1854740239746206e-14
  endloop
endfacet
facet normal 0.7933533402912306 -0.6087614290087265 -0.0
  outer loop
    vertex 64.03098352905187 98.00673993225807 6.000000000000022
    vertex 64.28525332520849 98.33811078215655 2.1854740239746206e-14
    vertex 64.28525332520849 98.33811078215655 6.000000000000022
  endloop
endfacet
facet normal 0.9238795325112881 -0.3826834323650867 -0.0
  outer loop
    vertex 64.03098352905187 98.00673993225807 2.1854740239746206e-14
    vertex 63.87114285304446 97.62085040442211 6.000000000000022
    vertex 63.87114285304446 97.62085040442211 2.1854740239746206e-14
  endloop
endfacet
facet normal 0.9238795325112881 -0.3826834323650867 -0.0
  outer loop
    vertex 63.87114285304446 97.62085040442211 6.000000000000022
    vertex 64.03098352905187 98.00673993225807 2.1854740239746206e-14
    vertex 64.03098352905187 98.00673993225807 6.000000000000022
  endloop
endfacet
facet normal 0.991444861373809 -0.1305261922200628 -0.0
  outer loop
    vertex 63.87114285304446 97.62085040442211 2.1854740239746206e-14
    vertex 63.816624175106966 97.20673993225807 6.000000000000022
    vertex 63.816624175106966 97.20673993225807 2.1854740239746206e-14
  endloop
endfacet
facet normal 0.991444861373809 -0.1305261922200628 -0.0
  outer loop
    vertex 63.816624175106966 97.20673993225807 6.000000000000022
    vertex 63.87114285304446 97.62085040442211 2.1854740239746206e-14
    vertex 63.87114285304446 97.62085040442211 6.000000000000022
  endloop
endfacet
facet normal 0.991444861373809 0.1305261922200628 0.0
  outer loop
    vertex 63.816624175106966 97.20673993225807 2.1854740239746206e-14
    vertex 63.87114285304446 96.79262946009405 6.000000000000022
    vertex 63.87114285304446 96.79262946009405 2.1854740239746206e-14
  endloop
endfacet
facet normal 0.991444861373809 0.1305261922200628 0.0
  outer loop
    vertex 63.87114285304446 96.79262946009405 6.000000000000022
    vertex 63.816624175106966 97.20673993225807 2.1854740239746206e-14
    vertex 63.816624175106966 97.20673993225807 6.000000000000022
  endloop
endfacet
facet normal 0.9238795325112881 0.3826834323650867 0.0
  outer loop
    vertex 63.87114285304446 96.79262946009405 2.1854740239746206e-14
    vertex 64.03098352905187 96.40673993225808 6.000000000000022
    vertex 64.03098352905187 96.40673993225808 2.1854740239746206e-14
  endloop
endfacet
facet normal 0.9238795325112881 0.3826834323650867 0.0
  outer loop
    vertex 64.03098352905187 96.40673993225808 6.000000000000022
    vertex 63.87114285304446 96.79262946009405 2.1854740239746206e-14
    vertex 63.87114285304446 96.79262946009405 6.000000000000022
  endloop
endfacet
facet normal 0.7933533402912306 0.6087614290087265 0.0
  outer loop
    vertex 64.03098352905187 96.40673993225808 2.1854740239746206e-14
    vertex 64.28525332520849 96.0753690823596 6.000000000000022
    vertex 64.28525332520849 96.0753690823596 2.1854740239746206e-14
  endloop
endfacet
facet normal 0.7933533402912306 0.6087614290087265 0.0
  outer loop
    vertex 64.28525332520849 96.0753690823596 6.000000000000022
    vertex 64.03098352905187 96.40673993225808 2.1854740239746206e-14
    vertex 64.03098352905187 96.40673993225808 6.000000000000022
  endloop
endfacet
facet normal 0.6087614290087265 0.7933533402912306 0.0
  outer loop
    vertex 64.28525332520849 96.0753690823596 6.000000000000022
    vertex 64.61662417510696 95.82109928620298 2.1854740239746206e-14
    vertex 64.28525332520849 96.0753690823596 2.1854740239746206e-14
  endloop
endfacet
facet normal 0.6087614290087265 0.7933533402912306 0.0
  outer loop
    vertex 64.61662417510696 95.82109928620298 2.1854740239746206e-14
    vertex 64.28525332520849 96.0753690823596 6.000000000000022
    vertex 64.61662417510696 95.82109928620298 6.000000000000022
  endloop
endfacet
facet normal 0.3826834323650867 0.9238795325112881 0.0
  outer loop
    vertex 64.61662417510696 95.82109928620298 6.000000000000022
    vertex 65.00251370294293 95.66125861019557 2.1854740239746206e-14
    vertex 64.61662417510696 95.82109928620298 2.1854740239746206e-14
  endloop
endfacet
facet normal 0.3826834323650867 0.9238795325112881 0.0
  outer loop
    vertex 65.00251370294293 95.66125861019557 2.1854740239746206e-14
    vertex 64.61662417510696 95.82109928620298 6.000000000000022
    vertex 65.00251370294293 95.66125861019557 6.000000000000022
  endloop
endfacet
facet normal 0.1305261922200628 0.991444861373809 0.0
  outer loop
    vertex 65.00251370294293 95.66125861019557 6.000000000000022
    vertex 65.41662417510696 95.60673993225808 2.1854740239746206e-14
    vertex 65.00251370294293 95.66125861019557 2.1854740239746206e-14
  endloop
endfacet
facet normal 0.1305261922200628 0.991444861373809 0.0
  outer loop
    vertex 65.41662417510696 95.60673993225808 2.1854740239746206e-14
    vertex 65.00251370294293 95.66125861019557 6.000000000000022
    vertex 65.41662417510696 95.60673993225808 6.000000000000022
  endloop
endfacet
facet normal -0.1305261922200628 0.991444861373809 -0.0
  outer loop
    vertex 65.41662417510696 95.60673993225808 6.000000000000022
    vertex 65.83073464727099 95.66125861019557 2.1854740239746206e-14
    vertex 65.41662417510696 95.60673993225808 2.1854740239746206e-14
  endloop
endfacet
facet normal -0.1305261922200628 0.991444861373809 -0.0
  outer loop
    vertex 65.83073464727099 95.66125861019557 2.1854740239746206e-14
    vertex 65.41662417510696 95.60673993225808 6.000000000000022
    vertex 65.83073464727099 95.66125861019557 6.000000000000022
  endloop
endfacet
facet normal -0.3826834323650867 0.9238795325112881 -0.0
  outer loop
    vertex 65.83073464727099 95.66125861019557 6.000000000000022
    vertex 66.21662417510696 95.82109928620298 2.1854740239746206e-14
    vertex 65.83073464727099 95.66125861019557 2.1854740239746206e-14
  endloop
endfacet
facet normal -0.3826834323650867 0.9238795325112881 -0.0
  outer loop
    vertex 66.21662417510696 95.82109928620298 2.1854740239746206e-14
    vertex 65.83073464727099 95.66125861019557 6.000000000000022
    vertex 66.21662417510696 95.82109928620298 6.000000000000022
  endloop
endfacet
facet normal -0.6087614290087265 0.7933533402912306 -0.0
  outer loop
    vertex 66.21662417510696 95.82109928620298 6.000000000000022
    vertex 66.54799502500543 96.0753690823596 2.1854740239746206e-14
    vertex 66.21662417510696 95.82109928620298 2.1854740239746206e-14
  endloop
endfacet
facet normal -0.6087614290087265 0.7933533402912306 -0.0
  outer loop
    vertex 66.54799502500543 96.0753690823596 2.1854740239746206e-14
    vertex 66.21662417510696 95.82109928620298 6.000000000000022
    vertex 66.54799502500543 96.0753690823596 6.000000000000022
  endloop
endfacet
facet normal -0.7933533402912306 0.6087614290087265 -0.0
  outer loop
    vertex 66.80226482116205 96.40673993225808 6.000000000000022
    vertex 66.54799502500543 96.0753690823596 2.1854740239746206e-14
    vertex 66.54799502500543 96.0753690823596 6.000000000000022
  endloop
endfacet
facet normal -0.7933533402912306 0.6087614290087265 -0.0
  outer loop
    vertex 66.54799502500543 96.0753690823596 2.1854740239746206e-14
    vertex 66.80226482116205 96.40673993225808 6.000000000000022
    vertex 66.80226482116205 96.40673993225808 2.1854740239746206e-14
  endloop
endfacet
facet normal -0.9238795325112881 0.3826834323650867 -0.0
  outer loop
    vertex 66.96210549716946 96.79262946009405 6.000000000000022
    vertex 66.80226482116205 96.40673993225808 2.1854740239746206e-14
    vertex 66.80226482116205 96.40673993225808 6.000000000000022
  endloop
endfacet
facet normal -0.9238795325112881 0.3826834323650867 -0.0
  outer loop
    vertex 66.80226482116205 96.40673993225808 2.1854740239746206e-14
    vertex 66.96210549716946 96.79262946009405 6.000000000000022
    vertex 66.96210549716946 96.79262946009405 2.1854740239746206e-14
  endloop
endfacet
facet normal -0.991444861373809 0.1305261922200628 -0.0
  outer loop
    vertex 67.01662417510695 97.20673993225807 6.000000000000022
    vertex 66.96210549716946 96.79262946009405 2.1854740239746206e-14
    vertex 66.96210549716946 96.79262946009405 6.000000000000022
  endloop
endfacet
facet normal -0.991444861373809 0.1305261922200628 -0.0
  outer loop
    vertex 66.96210549716946 96.79262946009405 2.1854740239746206e-14
    vertex 67.01662417510695 97.20673993225807 6.000000000000022
    vertex 67.01662417510695 97.20673993225807 2.1854740239746206e-14
  endloop
endfacet
facet normal -0.991444861373809 -0.1305261922200628 -0.0
  outer loop
    vertex 66.96210549716946 97.62085040442211 6.000000000000022
    vertex 67.01662417510695 97.20673993225807 2.1854740239746206e-14
    vertex 67.01662417510695 97.20673993225807 6.000000000000022
  endloop
endfacet
facet normal -0.991444861373809 -0.1305261922200628 -0.0
  outer loop
    vertex 67.01662417510695 97.20673993225807 2.1854740239746206e-14
    vertex 66.96210549716946 97.62085040442211 6.000000000000022
    vertex 66.96210549716946 97.62085040442211 2.1854740239746206e-14
  endloop
endfacet
facet normal -0.9238795325112881 -0.3826834323650867 -0.0
  outer loop
    vertex 66.80226482116205 98.00673993225807 6.000000000000022
    vertex 66.96210549716946 97.62085040442211 2.1854740239746206e-14
    vertex 66.96210549716946 97.62085040442211 6.000000000000022
  endloop
endfacet
facet normal -0.9238795325112881 -0.3826834323650867 -0.0
  outer loop
    vertex 66.96210549716946 97.62085040442211 2.1854740239746206e-14
    vertex 66.80226482116205 98.00673993225807 6.000000000000022
    vertex 66.80226482116205 98.00673993225807 2.1854740239746206e-14
  endloop
endfacet
facet normal 0.6087614290087199 0.7933533402912357 -6.870462597809486e-16
  outer loop
    vertex 72.07546412020498 20.601202975909946 1.127986593019159e-14
    vertex 72.40683497010346 20.346933179753318 5.000000000000013
    vertex 72.40683497010346 20.346933179753318 0.0
  endloop
endfacet
facet normal 0.6087614290087199 0.7933533402912357 -6.870462597809486e-16
  outer loop
    vertex 72.40683497010346 20.346933179753318 5.000000000000013
    vertex 72.07546412020498 20.601202975909946 1.127986593019159e-14
    vertex 72.075464120205 20.601202975909946 5.000000000000013
  endloop
endfacet
facet normal 0.13052619222003622 -0.9914448613738125 -3.923396189969716e-19
  outer loop
    vertex 73.20683497010346 23.33257382580839 3.3839597790574766e-14
    vertex 72.79272449793943 23.278055147870905 5.000000000000002
    vertex 72.79272449793943 23.278055147870905 1.127986593019159e-14
  endloop
endfacet
facet normal 0.13052619222003622 -0.9914448613738125 -3.923396189969716e-19
  outer loop
    vertex 72.79272449793943 23.278055147870905 5.000000000000002
    vertex 73.20683497010346 23.33257382580839 3.3839597790574766e-14
    vertex 73.20683497010346 23.33257382580839 5.000000000000025
  endloop
endfacet
facet normal -0.1305261922200495 0.9914448613738107 -2.7135752840293615e-20
  outer loop
    vertex 73.20683497010346 20.13257382580842 3.3839597790574766e-14
    vertex 73.6209454422675 20.187092503745912 5.000000000000013
    vertex 73.6209454422675 20.187092503745912 0.0
  endloop
endfacet
facet normal -0.1305261922200495 0.9914448613738107 -2.7135752840293615e-20
  outer loop
    vertex 73.6209454422675 20.187092503745912 5.000000000000013
    vertex 73.20683497010346 20.13257382580842 3.3839597790574766e-14
    vertex 73.20683497010346 20.13257382580842 5.000000000000025
  endloop
endfacet
facet normal 0.3826834323650867 -0.9238795325112881 0.0
  outer loop
    vertex 72.79272449793943 23.278055147870905 1.127986593019159e-14
    vertex 72.40683497010346 23.1182144718635 5.000000000000013
    vertex 72.40683497010346 23.1182144718635 0.0
  endloop
endfacet
facet normal 0.3826834323650867 -0.9238795325112881 0.0
  outer loop
    vertex 72.40683497010346 23.1182144718635 5.000000000000013
    vertex 72.79272449793943 23.278055147870905 1.127986593019159e-14
    vertex 72.79272449793943 23.278055147870905 5.000000000000002
  endloop
endfacet
facet normal -0.9238795325112977 -0.38268343236506364 8.804886074869873e-19
  outer loop
    vertex 74.59247561615857 22.53257382580842 5.000000000000013
    vertex 74.75231629216597 22.146684297972453 0.0
    vertex 74.75231629216597 22.146684297972453 5.000000000000013
  endloop
endfacet
facet normal -0.9238795325112977 -0.38268343236506364 8.804886074869873e-19
  outer loop
    vertex 74.75231629216597 22.146684297972453 0.0
    vertex 74.59247561615857 22.53257382580842 5.000000000000013
    vertex 74.59247561615857 22.53257382580842 1.127986593019159e-14
  endloop
endfacet
facet normal 0.7933533402912165 -0.608761429008745 -8.961532438305924e-16
  outer loop
    vertex 72.07546412020498 22.863944675706886 1.127986593019159e-14
    vertex 71.82119432404836 22.532573825808424 5.000000000000013
    vertex 71.82119432404836 22.532573825808424 2.255973186038318e-14
  endloop
endfacet
facet normal 0.7933533402912165 -0.608761429008745 -8.961532438305924e-16
  outer loop
    vertex 71.82119432404836 22.532573825808424 5.000000000000013
    vertex 72.07546412020498 22.863944675706886 1.127986593019159e-14
    vertex 72.075464120205 22.863944675706886 5.000000000000013
  endloop
endfacet
facet normal -0.9914448613738089 -0.1305261922200628 0.0
  outer loop
    vertex 74.75231629216597 22.146684297972453 5.000000000000013
    vertex 74.80683497010347 21.732573825808423 1.127986593019159e-14
    vertex 74.80683497010347 21.732573825808423 5.000000000000002
  endloop
endfacet
facet normal -0.9914448613738089 -0.1305261922200628 0.0
  outer loop
    vertex 74.80683497010347 21.732573825808423 1.127986593019159e-14
    vertex 74.75231629216597 22.146684297972453 5.000000000000013
    vertex 74.75231629216597 22.146684297972453 0.0
  endloop
endfacet
facet normal 0.13052619222004946 0.9914448613738107 -3.923396190020218e-19
  outer loop
    vertex 72.79272449793943 20.187092503745912 5.000000000000002
    vertex 73.20683497010346 20.13257382580842 3.3839597790574766e-14
    vertex 72.79272449793943 20.187092503745912 1.127986593019159e-14
  endloop
endfacet
facet normal 0.13052619222004946 0.9914448613738107 -3.923396190020218e-19
  outer loop
    vertex 73.20683497010346 20.13257382580842 3.3839597790574766e-14
    vertex 72.79272449793943 20.187092503745912 5.000000000000002
    vertex 73.20683497010346 20.13257382580842 5.000000000000025
  endloop
endfacet
facet normal -0.1305261922200628 -0.9914448613738089 3.1961409320234735e-19
  outer loop
    vertex 73.6209454422675 23.278055147870894 5.000000000000013
    vertex 73.20683497010346 23.33257382580839 3.3839597790574766e-14
    vertex 73.6209454422675 23.278055147870894 0.0
  endloop
endfacet
facet normal -0.1305261922200628 -0.9914448613738089 3.1961409320234735e-19
  outer loop
    vertex 73.20683497010346 23.33257382580839 3.3839597790574766e-14
    vertex 73.6209454422675 23.278055147870894 5.000000000000013
    vertex 73.20683497010346 23.33257382580839 5.000000000000025
  endloop
endfacet
facet normal 0.923879532511293 0.3826834323650753 -1.0429729678184037e-15
  outer loop
    vertex 71.66135364804096 21.31846335364439 1.127986593019159e-14
    vertex 71.82119432404836 20.932573825808422 5.000000000000013
    vertex 71.82119432404836 20.932573825808422 2.255973186038318e-14
  endloop
endfacet
facet normal 0.923879532511293 0.3826834323650753 -1.0429729678184037e-15
  outer loop
    vertex 71.82119432404836 20.932573825808422 5.000000000000013
    vertex 71.66135364804096 21.31846335364439 1.127986593019159e-14
    vertex 71.66135364804096 21.31846335364439 4.999999999999991
  endloop
endfacet
facet normal 0.9914448613738109 -0.1305261922200486 -1.118895690187563e-15
  outer loop
    vertex 71.66135364804096 22.146684297972456 1.127986593019159e-14
    vertex 71.60683497010346 21.732573825808423 5.000000000000025
    vertex 71.60683497010346 21.732573825808423 -1.127986593019159e-14
  endloop
endfacet
facet normal 0.9914448613738109 -0.1305261922200486 -1.118895690187563e-15
  outer loop
    vertex 71.60683497010346 21.732573825808423 5.000000000000025
    vertex 71.66135364804096 22.146684297972456 1.127986593019159e-14
    vertex 71.66135364804096 22.146684297972456 4.999999999999991
  endloop
endfacet
facet normal -0.9914448613738092 0.1305261922200619 0.0
  outer loop
    vertex 74.80683497010347 21.732573825808423 5.000000000000002
    vertex 74.75231629216597 21.318463353644386 0.0
    vertex 74.75231629216597 21.318463353644386 5.000000000000013
  endloop
endfacet
facet normal -0.9914448613738092 0.1305261922200619 0.0
  outer loop
    vertex 74.75231629216597 21.318463353644386 0.0
    vertex 74.80683497010347 21.732573825808423 5.000000000000002
    vertex 74.80683497010347 21.732573825808423 1.127986593019159e-14
  endloop
endfacet
facet normal -0.3826834323650925 0.9238795325112857 3.0784462104623976e-18
  outer loop
    vertex 73.6209454422675 20.187092503745912 5.000000000000013
    vertex 74.00683497010347 20.346933179753318 3.3839597790574766e-14
    vertex 73.6209454422675 20.187092503745912 0.0
  endloop
endfacet
facet normal -0.3826834323650925 0.9238795325112857 3.0784462104623976e-18
  outer loop
    vertex 74.00683497010347 20.346933179753318 3.3839597790574766e-14
    vertex 73.6209454422675 20.187092503745912 5.000000000000013
    vertex 74.00683497010347 20.346933179753318 5.000000000000025
  endloop
endfacet
facet normal 0.7933533402912291 0.6087614290087285 -8.961532438306044e-16
  outer loop
    vertex 71.82119432404836 20.932573825808422 2.255973186038318e-14
    vertex 72.075464120205 20.601202975909946 5.000000000000013
    vertex 72.07546412020498 20.601202975909946 1.127986593019159e-14
  endloop
endfacet
facet normal 0.7933533402912291 0.6087614290087285 -8.961532438306044e-16
  outer loop
    vertex 72.075464120205 20.601202975909946 5.000000000000013
    vertex 71.82119432404836 20.932573825808422 2.255973186038318e-14
    vertex 71.82119432404836 20.932573825808422 5.000000000000013
  endloop
endfacet
facet normal 0.9914448613738107 0.1305261922200495 -1.1188956901875626e-15
  outer loop
    vertex 71.60683497010346 21.732573825808423 -1.127986593019159e-14
    vertex 71.66135364804096 21.31846335364439 4.999999999999991
    vertex 71.66135364804096 21.31846335364439 1.127986593019159e-14
  endloop
endfacet
facet normal 0.9914448613738107 0.1305261922200495 -1.1188956901875626e-15
  outer loop
    vertex 71.66135364804096 21.31846335364439 4.999999999999991
    vertex 71.60683497010346 21.732573825808423 -1.127986593019159e-14
    vertex 71.60683497010346 21.732573825808423 5.000000000000025
  endloop
endfacet
facet normal -0.9238795325112881 0.3826834323650867 -8.23978121587114e-19
  outer loop
    vertex 74.75231629216597 21.318463353644386 5.000000000000013
    vertex 74.59247561615857 20.93257382580842 1.127986593019159e-14
    vertex 74.59247561615857 20.93257382580842 5.000000000000025
  endloop
endfacet
facet normal -0.9238795325112881 0.3826834323650867 -8.23978121587114e-19
  outer loop
    vertex 74.59247561615857 20.93257382580842 1.127986593019159e-14
    vertex 74.75231629216597 21.318463353644386 5.000000000000013
    vertex 74.75231629216597 21.318463353644386 0.0
  endloop
endfacet
facet normal -0.7933533402912126 -0.6087614290087501 0.0
  outer loop
    vertex 74.33820582000193 22.863944675706886 5.000000000000013
    vertex 74.59247561615857 22.53257382580842 1.127986593019159e-14
    vertex 74.59247561615857 22.53257382580842 5.000000000000013
  endloop
endfacet
facet normal -0.7933533402912126 -0.6087614290087501 0.0
  outer loop
    vertex 74.59247561615857 22.53257382580842 1.127986593019159e-14
    vertex 74.33820582000193 22.863944675706886 5.000000000000013
    vertex 74.33820582000193 22.863944675706886 1.127986593019159e-14
  endloop
endfacet
facet normal -0.6087614290087265 0.7933533402912308 -3.4070083255865814e-19
  outer loop
    vertex 74.00683497010347 20.346933179753318 3.3839597790574766e-14
    vertex 74.33820582000193 20.601202975909946 5.000000000000013
    vertex 74.33820582000193 20.601202975909946 1.127986593019159e-14
  endloop
endfacet
facet normal -0.6087614290087265 0.7933533402912308 -3.4070083255865814e-19
  outer loop
    vertex 74.33820582000193 20.601202975909946 5.000000000000013
    vertex 74.00683497010347 20.346933179753318 3.3839597790574766e-14
    vertex 74.00683497010347 20.346933179753318 5.000000000000025
  endloop
endfacet
facet normal -0.6087614290087096 -0.7933533402912438 -2.5604523029565817e-18
  outer loop
    vertex 74.33820582000193 22.863944675706886 5.000000000000013
    vertex 74.00683497010347 23.1182144718635 3.3839597790574766e-14
    vertex 74.33820582000193 22.863944675706886 1.127986593019159e-14
  endloop
endfacet
facet normal -0.6087614290087096 -0.7933533402912438 -2.5604523029565817e-18
  outer loop
    vertex 74.00683497010347 23.1182144718635 3.3839597790574766e-14
    vertex 74.33820582000193 22.863944675706886 5.000000000000013
    vertex 74.00683497010347 23.1182144718635 5.000000000000025
  endloop
endfacet
facet normal 0.38268343236509256 0.9238795325112857 -0.0
  outer loop
    vertex 72.40683497010346 20.346933179753318 5.000000000000013
    vertex 72.79272449793943 20.187092503745912 1.127986593019159e-14
    vertex 72.40683497010346 20.346933179753318 0.0
  endloop
endfacet
facet normal 0.38268343236509256 0.9238795325112857 -0.0
  outer loop
    vertex 72.79272449793943 20.187092503745912 1.127986593019159e-14
    vertex 72.40683497010346 20.346933179753318 5.000000000000013
    vertex 72.79272449793943 20.187092503745912 5.000000000000002
  endloop
endfacet
facet normal -0.7933533402912332 0.6087614290087232 2.3296254224624924e-18
  outer loop
    vertex 74.59247561615857 20.93257382580842 5.000000000000025
    vertex 74.33820582000193 20.601202975909946 1.127986593019159e-14
    vertex 74.33820582000193 20.601202975909946 5.000000000000013
  endloop
endfacet
facet normal -0.7933533402912332 0.6087614290087232 2.3296254224624924e-18
  outer loop
    vertex 74.33820582000193 20.601202975909946 1.127986593019159e-14
    vertex 74.59247561615857 20.93257382580842 5.000000000000025
    vertex 74.59247561615857 20.93257382580842 1.127986593019159e-14
  endloop
endfacet
facet normal 2.0508847145802907e-15 0.0 -1.0
  outer loop
    vertex 66.70683497010347 25.232573825808387 0.0
    vertex 72.07546412020498 22.863944675706886 1.127986593019159e-14
    vertex 66.70683497010347 18.232573825808423 0.0
  endloop
endfacet
facet normal 2.0508847145802907e-15 0.0 -1.0
  outer loop
    vertex 72.07546412020498 22.863944675706886 1.127986593019159e-14
    vertex 66.70683497010347 25.232573825808387 0.0
    vertex 72.40683497010346 23.1182144718635 0.0
  endloop
endfacet
facet normal 2.0508847145802907e-15 0.0 -1.0
  outer loop
    vertex 72.40683497010346 23.1182144718635 0.0
    vertex 66.70683497010347 25.232573825808387 0.0
    vertex 72.79272449793943 23.278055147870905 1.127986593019159e-14
  endloop
endfacet
facet normal 2.0508847145802907e-15 0.0 -1.0
  outer loop
    vertex 72.79272449793943 23.278055147870905 1.127986593019159e-14
    vertex 66.70683497010347 25.232573825808387 0.0
    vertex 77.70683497010346 25.232573825808387 2.255973186038318e-14
  endloop
endfacet
facet normal 2.0508847145802907e-15 0.0 -1.0
  outer loop
    vertex 66.70683497010347 18.232573825808423 0.0
    vertex 72.07546412020498 22.863944675706886 1.127986593019159e-14
    vertex 71.82119432404836 22.532573825808424 2.255973186038318e-14
  endloop
endfacet
facet normal 2.0508847145802907e-15 0.0 -1.0
  outer loop
    vertex 66.70683497010347 18.232573825808423 0.0
    vertex 71.82119432404836 22.532573825808424 2.255973186038318e-14
    vertex 71.66135364804096 22.146684297972456 1.127986593019159e-14
  endloop
endfacet
facet normal 2.0508847145802907e-15 0.0 -1.0
  outer loop
    vertex 66.70683497010347 18.232573825808423 0.0
    vertex 71.66135364804096 22.146684297972456 1.127986593019159e-14
    vertex 71.60683497010346 21.732573825808423 -1.127986593019159e-14
  endloop
endfacet
facet normal 2.0508847145802907e-15 0.0 -1.0
  outer loop
    vertex 72.79272449793943 23.278055147870905 1.127986593019159e-14
    vertex 77.70683497010346 25.232573825808387 2.255973186038318e-14
    vertex 73.20683497010346 23.33257382580839 3.3839597790574766e-14
  endloop
endfacet
facet normal 2.0508847145802907e-15 0.0 -1.0
  outer loop
    vertex 73.20683497010346 23.33257382580839 3.3839597790574766e-14
    vertex 77.70683497010346 25.232573825808387 2.255973186038318e-14
    vertex 73.6209454422675 23.278055147870894 0.0
  endloop
endfacet
facet normal 2.0508847145802907e-15 0.0 -1.0
  outer loop
    vertex 73.6209454422675 23.278055147870894 0.0
    vertex 77.70683497010346 25.232573825808387 2.255973186038318e-14
    vertex 74.00683497010347 23.1182144718635 3.3839597790574766e-14
  endloop
endfacet
facet normal 2.0508847145802907e-15 0.0 -1.0
  outer loop
    vertex 74.00683497010347 23.1182144718635 3.3839597790574766e-14
    vertex 77.70683497010346 25.232573825808387 2.255973186038318e-14
    vertex 74.33820582000193 22.863944675706886 1.127986593019159e-14
  endloop
endfacet
facet normal 2.0508847145802907e-15 0.0 -1.0
  outer loop
    vertex 74.33820582000193 22.863944675706886 1.127986593019159e-14
    vertex 77.70683497010346 25.232573825808387 2.255973186038318e-14
    vertex 74.59247561615857 22.53257382580842 1.127986593019159e-14
  endloop
endfacet
facet normal 2.0508847145802907e-15 0.0 -1.0
  outer loop
    vertex 74.59247561615857 22.53257382580842 1.127986593019159e-14
    vertex 77.70683497010346 25.232573825808387 2.255973186038318e-14
    vertex 74.75231629216597 22.146684297972453 0.0
  endloop
endfacet
facet normal 2.0508847145802907e-15 0.0 -1.0
  outer loop
    vertex 74.75231629216597 22.146684297972453 0.0
    vertex 77.70683497010346 25.232573825808387 2.255973186038318e-14
    vertex 74.80683497010347 21.732573825808423 1.127986593019159e-14
  endloop
endfacet
facet normal 2.0508847145802907e-15 0.0 -1.0
  outer loop
    vertex 66.70683497010347 18.232573825808423 0.0
    vertex 72.79272449793943 20.187092503745912 1.127986593019159e-14
    vertex 77.70683497010346 18.232573825808423 2.255973186038318e-14
  endloop
endfacet
facet normal 2.0508847145802907e-15 0.0 -1.0
  outer loop
    vertex 72.79272449793943 20.187092503745912 1.127986593019159e-14
    vertex 66.70683497010347 18.232573825808423 0.0
    vertex 72.40683497010346 20.346933179753318 0.0
  endloop
endfacet
facet normal 2.0508847145802907e-15 0.0 -1.0
  outer loop
    vertex 72.40683497010346 20.346933179753318 0.0
    vertex 66.70683497010347 18.232573825808423 0.0
    vertex 72.07546412020498 20.601202975909946 1.127986593019159e-14
  endloop
endfacet
facet normal 2.0508847145802907e-15 0.0 -1.0
  outer loop
    vertex 72.07546412020498 20.601202975909946 1.127986593019159e-14
    vertex 66.70683497010347 18.232573825808423 0.0
    vertex 71.82119432404836 20.932573825808422 2.255973186038318e-14
  endloop
endfacet
facet normal 2.0508847145802907e-15 0.0 -1.0
  outer loop
    vertex 71.82119432404836 20.932573825808422 2.255973186038318e-14
    vertex 66.70683497010347 18.232573825808423 0.0
    vertex 71.66135364804096 21.31846335364439 1.127986593019159e-14
  endloop
endfacet
facet normal 2.0508847145802907e-15 0.0 -1.0
  outer loop
    vertex 71.66135364804096 21.31846335364439 1.127986593019159e-14
    vertex 66.70683497010347 18.232573825808423 0.0
    vertex 71.60683497010346 21.732573825808423 -1.127986593019159e-14
  endloop
endfacet
facet normal 2.0508847145802907e-15 0.0 -1.0
  outer loop
    vertex 77.70683497010346 18.232573825808423 2.255973186038318e-14
    vertex 72.79272449793943 20.187092503745912 1.127986593019159e-14
    vertex 73.20683497010346 20.13257382580842 3.3839597790574766e-14
  endloop
endfacet
facet normal 2.0508847145802907e-15 0.0 -1.0
  outer loop
    vertex 77.70683497010346 18.232573825808423 2.255973186038318e-14
    vertex 73.20683497010346 20.13257382580842 3.3839597790574766e-14
    vertex 73.6209454422675 20.187092503745912 0.0
  endloop
endfacet
facet normal 2.0508847145802907e-15 0.0 -1.0
  outer loop
    vertex 77.70683497010346 18.232573825808423 2.255973186038318e-14
    vertex 73.6209454422675 20.187092503745912 0.0
    vertex 74.00683497010347 20.346933179753318 3.3839597790574766e-14
  endloop
endfacet
facet normal 2.0508847145802907e-15 0.0 -1.0
  outer loop
    vertex 77.70683497010346 18.232573825808423 2.255973186038318e-14
    vertex 74.00683497010347 20.346933179753318 3.3839597790574766e-14
    vertex 74.33820582000193 20.601202975909946 1.127986593019159e-14
  endloop
endfacet
facet normal 2.0508847145802907e-15 0.0 -1.0
  outer loop
    vertex 77.70683497010346 18.232573825808423 2.255973186038318e-14
    vertex 74.33820582000193 20.601202975909946 1.127986593019159e-14
    vertex 74.59247561615857 20.93257382580842 1.127986593019159e-14
  endloop
endfacet
facet normal 2.0508847145802907e-15 0.0 -1.0
  outer loop
    vertex 77.70683497010346 18.232573825808423 2.255973186038318e-14
    vertex 74.59247561615857 20.93257382580842 1.127986593019159e-14
    vertex 74.75231629216597 21.318463353644386 0.0
  endloop
endfacet
facet normal 2.0508847145802907e-15 0.0 -1.0
  outer loop
    vertex 77.70683497010346 18.232573825808423 2.255973186038318e-14
    vertex 74.75231629216597 21.318463353644386 0.0
    vertex 74.80683497010347 21.732573825808423 1.127986593019159e-14
  endloop
endfacet
facet normal 2.0508847145802907e-15 0.0 -1.0
  outer loop
    vertex 77.70683497010346 18.232573825808423 2.255973186038318e-14
    vertex 74.80683497010347 21.732573825808423 1.127986593019159e-14
    vertex 77.70683497010346 25.232573825808387 2.255973186038318e-14
  endloop
endfacet
facet normal 0.0 -1.0 0.0
  outer loop
    vertex 77.70683497010347 18.232573825808423 5.000000000000025
    vertex 68.70683497010347 18.232573825808423 5.000000000000013
    vertex 77.70683497010346 18.232573825808423 2.255973186038318e-14
  endloop
endfacet
facet normal 0.0 -1.0 0.0
  outer loop
    vertex 66.70683497010347 18.232573825808423 0.0
    vertex 68.70683497010347 18.232573825808423 5.000000000000013
    vertex 66.70683497010347 18.232573825808423 13.000000000000052
  endloop
endfacet
facet normal 0.0 -1.0 0.0
  outer loop
    vertex 68.70683497010347 18.232573825808423 5.000000000000013
    vertex 66.70683497010347 18.232573825808423 0.0
    vertex 77.70683497010346 18.232573825808423 2.255973186038318e-14
  endloop
endfacet
facet normal 0.0 -1.0 0.0
  outer loop
    vertex 66.70683497010347 18.232573825808423 13.000000000000052
    vertex 68.70683497010347 18.232573825808423 5.000000000000013
    vertex 68.70683497010347 18.232573825808423 12.999999999999996
  endloop
endfacet
facet normal 0.0 -1.0 0.0
  outer loop
    vertex 66.70683497010347 18.232573825808423 13.000000000000052
    vertex 68.70683497010347 18.232573825808423 12.999999999999996
    vertex 67.70683497010347 18.232573825808423 14.000000000000025
  endloop
endfacet
facet normal -1.0 0.0 8.676819946301189e-16
  outer loop
    vertex 66.70683497010347 25.232573825808387 13.000000000000052
    vertex 66.70683497010347 18.232573825808423 0.0
    vertex 66.70683497010347 18.232573825808423 13.000000000000052
  endloop
endfacet
facet normal -1.0 0.0 8.676819946301189e-16
  outer loop
    vertex 66.70683497010347 18.232573825808423 0.0
    vertex 66.70683497010347 25.232573825808387 13.000000000000052
    vertex 66.70683497010347 25.232573825808387 0.0
  endloop
endfacet
facet normal -0.38268343236506375 -0.9238795325112977 4.934908738847207e-19
  outer loop
    vertex 74.00683497010347 23.1182144718635 3.3839597790574766e-14
    vertex 73.6209454422675 23.278055147870894 5.000000000000013
    vertex 73.6209454422675 23.278055147870894 0.0
  endloop
endfacet
facet normal -0.38268343236506375 -0.9238795325112977 4.934908738847207e-19
  outer loop
    vertex 73.6209454422675 23.278055147870894 5.000000000000013
    vertex 74.00683497010347 23.1182144718635 3.3839597790574766e-14
    vertex 74.00683497010347 23.1182144718635 5.000000000000025
  endloop
endfacet
facet normal -0.0 1.0 -0.0
  outer loop
    vertex 66.70683497010347 25.232573825808387 0.0
    vertex 68.70683497010347 25.232573825808387 5.000000000000013
    vertex 77.70683497010346 25.232573825808387 2.255973186038318e-14
  endloop
endfacet
facet normal -0.0 1.0 -0.0
  outer loop
    vertex 68.70683497010347 25.232573825808387 5.000000000000013
    vertex 66.70683497010347 25.232573825808387 0.0
    vertex 66.70683497010347 25.232573825808387 13.000000000000052
  endloop
endfacet
facet normal -0.0 1.0 -0.0
  outer loop
    vertex 68.70683497010347 25.232573825808387 5.000000000000013
    vertex 66.70683497010347 25.232573825808387 13.000000000000052
    vertex 68.70683497010347 25.232573825808387 12.999999999999996
  endloop
endfacet
facet normal -0.0 1.0 -0.0
  outer loop
    vertex 68.70683497010347 25.232573825808387 12.999999999999996
    vertex 66.70683497010347 25.232573825808387 13.000000000000052
    vertex 67.70683497010347 25.232573825808387 14.000000000000025
  endloop
endfacet
facet normal -0.0 1.0 -0.0
  outer loop
    vertex 77.70683497010347 25.232573825808387 5.000000000000025
    vertex 77.70683497010346 25.232573825808387 2.255973186038318e-14
    vertex 68.70683497010347 25.232573825808387 5.000000000000013
  endloop
endfacet
facet normal 0.6087614290087029 -0.7933533402912488 -6.848265083105274e-16
  outer loop
    vertex 72.40683497010346 23.1182144718635 5.000000000000013
    vertex 72.07546412020498 22.863944675706886 1.127986593019159e-14
    vertex 72.40683497010346 23.1182144718635 0.0
  endloop
endfacet
facet normal 0.6087614290087029 -0.7933533402912488 -6.848265083105274e-16
  outer loop
    vertex 72.07546412020498 22.863944675706886 1.127986593019159e-14
    vertex 72.40683497010346 23.1182144718635 5.000000000000013
    vertex 72.075464120205 22.863944675706886 5.000000000000013
  endloop
endfacet
facet normal 1.0 -0.0 -0.0
  outer loop
    vertex 68.70683497010347 25.232573825808387 5.000000000000013
    vertex 68.70683497010347 18.232573825808423 12.999999999999996
    vertex 68.70683497010347 18.232573825808423 5.000000000000013
  endloop
endfacet
facet normal 1.0 -0.0 -0.0
  outer loop
    vertex 68.70683497010347 18.232573825808423 12.999999999999996
    vertex 68.70683497010347 25.232573825808387 5.000000000000013
    vertex 68.70683497010347 25.232573825808387 12.999999999999996
  endloop
endfacet
facet normal 0.923879532511293 -0.3826834323650753 -1.0429729678184037e-15
  outer loop
    vertex 71.82119432404836 22.532573825808424 2.255973186038318e-14
    vertex 71.66135364804096 22.146684297972456 4.999999999999991
    vertex 71.66135364804096 22.146684297972456 1.127986593019159e-14
  endloop
endfacet
facet normal 0.923879532511293 -0.3826834323650753 -1.0429729678184037e-15
  outer loop
    vertex 71.66135364804096 22.146684297972456 4.999999999999991
    vertex 71.82119432404836 22.532573825808424 2.255973186038318e-14
    vertex 71.82119432404836 22.532573825808424 5.000000000000013
  endloop
endfacet
facet normal 1.0 -0.0 -2.255973186038317e-15
  outer loop
    vertex 77.70683497010346 25.232573825808387 2.255973186038318e-14
    vertex 77.70683497010347 18.232573825808423 5.000000000000025
    vertex 77.70683497010346 18.232573825808423 2.255973186038318e-14
  endloop
endfacet
facet normal 1.0 -0.0 -2.255973186038317e-15
  outer loop
    vertex 77.70683497010347 18.232573825808423 5.000000000000025
    vertex 77.70683497010346 25.232573825808387 2.255973186038318e-14
    vertex 77.70683497010347 25.232573825808387 5.000000000000025
  endloop
endfacet
facet normal -1.2533184366879554e-15 -0.0 1.0
  outer loop
    vertex 68.70683497010347 18.232573825808423 5.000000000000013
    vertex 71.82119432404836 20.932573825808422 5.000000000000013
    vertex 68.70683497010347 25.232573825808387 5.000000000000013
  endloop
endfacet
facet normal -1.2533184366879554e-15 -0.0 1.0
  outer loop
    vertex 71.82119432404836 20.932573825808422 5.000000000000013
    vertex 68.70683497010347 18.232573825808423 5.000000000000013
    vertex 72.075464120205 20.601202975909946 5.000000000000013
  endloop
endfacet
facet normal -1.2533184366879554e-15 -0.0 1.0
  outer loop
    vertex 72.075464120205 20.601202975909946 5.000000000000013
    vertex 68.70683497010347 18.232573825808423 5.000000000000013
    vertex 72.40683497010346 20.346933179753318 5.000000000000013
  endloop
endfacet
facet normal -1.2533184366879554e-15 -0.0 1.0
  outer loop
    vertex 72.40683497010346 20.346933179753318 5.000000000000013
    vertex 68.70683497010347 18.232573825808423 5.000000000000013
    vertex 72.79272449793943 20.187092503745912 5.000000000000002
  endloop
endfacet
facet normal -1.2533184366879554e-15 -0.0 1.0
  outer loop
    vertex 72.79272449793943 20.187092503745912 5.000000000000002
    vertex 68.70683497010347 18.232573825808423 5.000000000000013
    vertex 77.70683497010347 18.232573825808423 5.000000000000025
  endloop
endfacet
facet normal -1.2533184366879554e-15 -0.0 1.0
  outer loop
    vertex 68.70683497010347 25.232573825808387 5.000000000000013
    vertex 71.82119432404836 20.932573825808422 5.000000000000013
    vertex 71.66135364804096 21.31846335364439 4.999999999999991
  endloop
endfacet
facet normal -1.2533184366879554e-15 -0.0 1.0
  outer loop
    vertex 68.70683497010347 25.232573825808387 5.000000000000013
    vertex 71.66135364804096 21.31846335364439 4.999999999999991
    vertex 71.60683497010346 21.732573825808423 5.000000000000025
  endloop
endfacet
facet normal -1.2533184366879554e-15 -0.0 1.0
  outer loop
    vertex 72.79272449793943 20.187092503745912 5.000000000000002
    vertex 77.70683497010347 18.232573825808423 5.000000000000025
    vertex 73.20683497010346 20.13257382580842 5.000000000000025
  endloop
endfacet
facet normal -1.2533184366879554e-15 -0.0 1.0
  outer loop
    vertex 73.20683497010346 20.13257382580842 5.000000000000025
    vertex 77.70683497010347 18.232573825808423 5.000000000000025
    vertex 73.6209454422675 20.187092503745912 5.000000000000013
  endloop
endfacet
facet normal -1.2533184366879554e-15 -0.0 1.0
  outer loop
    vertex 73.6209454422675 20.187092503745912 5.000000000000013
    vertex 77.70683497010347 18.232573825808423 5.000000000000025
    vertex 74.00683497010347 20.346933179753318 5.000000000000025
  endloop
endfacet
facet normal -1.2533184366879554e-15 -0.0 1.0
  outer loop
    vertex 74.00683497010347 20.346933179753318 5.000000000000025
    vertex 77.70683497010347 18.232573825808423 5.000000000000025
    vertex 74.33820582000193 20.601202975909946 5.000000000000013
  endloop
endfacet
facet normal -1.2533184366879554e-15 -0.0 1.0
  outer loop
    vertex 74.33820582000193 20.601202975909946 5.000000000000013
    vertex 77.70683497010347 18.232573825808423 5.000000000000025
    vertex 74.59247561615857 20.93257382580842 5.000000000000025
  endloop
endfacet
facet normal -1.2533184366879554e-15 -0.0 1.0
  outer loop
    vertex 74.59247561615857 20.93257382580842 5.000000000000025
    vertex 77.70683497010347 18.232573825808423 5.000000000000025
    vertex 74.75231629216597 21.318463353644386 5.000000000000013
  endloop
endfacet
facet normal -1.2533184366879554e-15 -0.0 1.0
  outer loop
    vertex 74.75231629216597 21.318463353644386 5.000000000000013
    vertex 77.70683497010347 18.232573825808423 5.000000000000025
    vertex 74.80683497010347 21.732573825808423 5.000000000000002
  endloop
endfacet
facet normal -1.2533184366879554e-15 -0.0 1.0
  outer loop
    vertex 68.70683497010347 25.232573825808387 5.000000000000013
    vertex 72.79272449793943 23.278055147870905 5.000000000000002
    vertex 77.70683497010347 25.232573825808387 5.000000000000025
  endloop
endfacet
facet normal -1.2533184366879554e-15 -0.0 1.0
  outer loop
    vertex 72.79272449793943 23.278055147870905 5.000000000000002
    vertex 68.70683497010347 25.232573825808387 5.000000000000013
    vertex 72.40683497010346 23.1182144718635 5.000000000000013
  endloop
endfacet
facet normal -1.2533184366879554e-15 -0.0 1.0
  outer loop
    vertex 72.40683497010346 23.1182144718635 5.000000000000013
    vertex 68.70683497010347 25.232573825808387 5.000000000000013
    vertex 72.075464120205 22.863944675706886 5.000000000000013
  endloop
endfacet
facet normal -1.2533184366879554e-15 -0.0 1.0
  outer loop
    vertex 72.075464120205 22.863944675706886 5.000000000000013
    vertex 68.70683497010347 25.232573825808387 5.000000000000013
    vertex 71.82119432404836 22.532573825808424 5.000000000000013
  endloop
endfacet
facet normal -1.2533184366879554e-15 -0.0 1.0
  outer loop
    vertex 71.82119432404836 22.532573825808424 5.000000000000013
    vertex 68.70683497010347 25.232573825808387 5.000000000000013
    vertex 71.66135364804096 22.146684297972456 4.999999999999991
  endloop
endfacet
facet normal -1.2533184366879554e-15 -0.0 1.0
  outer loop
    vertex 71.66135364804096 22.146684297972456 4.999999999999991
    vertex 68.70683497010347 25.232573825808387 5.000000000000013
    vertex 71.60683497010346 21.732573825808423 5.000000000000025
  endloop
endfacet
facet normal -1.2533184366879554e-15 -0.0 1.0
  outer loop
    vertex 77.70683497010347 25.232573825808387 5.000000000000025
    vertex 72.79272449793943 23.278055147870905 5.000000000000002
    vertex 73.20683497010346 23.33257382580839 5.000000000000025
  endloop
endfacet
facet normal -1.2533184366879554e-15 -0.0 1.0
  outer loop
    vertex 77.70683497010347 25.232573825808387 5.000000000000025
    vertex 73.20683497010346 23.33257382580839 5.000000000000025
    vertex 73.6209454422675 23.278055147870894 5.000000000000013
  endloop
endfacet
facet normal -1.2533184366879554e-15 -0.0 1.0
  outer loop
    vertex 77.70683497010347 25.232573825808387 5.000000000000025
    vertex 73.6209454422675 23.278055147870894 5.000000000000013
    vertex 74.00683497010347 23.1182144718635 5.000000000000025
  endloop
endfacet
facet normal -1.2533184366879554e-15 -0.0 1.0
  outer loop
    vertex 77.70683497010347 25.232573825808387 5.000000000000025
    vertex 74.00683497010347 23.1182144718635 5.000000000000025
    vertex 74.33820582000193 22.863944675706886 5.000000000000013
  endloop
endfacet
facet normal -1.2533184366879554e-15 -0.0 1.0
  outer loop
    vertex 77.70683497010347 25.232573825808387 5.000000000000025
    vertex 74.33820582000193 22.863944675706886 5.000000000000013
    vertex 74.59247561615857 22.53257382580842 5.000000000000013
  endloop
endfacet
facet normal -1.2533184366879554e-15 -0.0 1.0
  outer loop
    vertex 77.70683497010347 25.232573825808387 5.000000000000025
    vertex 74.59247561615857 22.53257382580842 5.000000000000013
    vertex 74.75231629216597 22.146684297972453 5.000000000000013
  endloop
endfacet
facet normal -1.2533184366879554e-15 -0.0 1.0
  outer loop
    vertex 77.70683497010347 25.232573825808387 5.000000000000025
    vertex 74.75231629216597 22.146684297972453 5.000000000000013
    vertex 74.80683497010347 21.732573825808423 5.000000000000002
  endloop
endfacet
facet normal -1.2533184366879554e-15 -0.0 1.0
  outer loop
    vertex 77.70683497010347 25.232573825808387 5.000000000000025
    vertex 74.80683497010347 21.732573825808423 5.000000000000002
    vertex 77.70683497010347 18.232573825808423 5.000000000000025
  endloop
endfacet
facet normal -0.7071067811865386 -0.0 0.7071067811865565
  outer loop
    vertex 67.70683497010347 18.232573825808423 14.000000000000025
    vertex 66.70683497010347 25.232573825808387 13.000000000000052
    vertex 66.70683497010347 18.232573825808423 13.000000000000052
  endloop
endfacet
facet normal -0.7071067811865386 -0.0 0.7071067811865565
  outer loop
    vertex 66.70683497010347 25.232573825808387 13.000000000000052
    vertex 67.70683497010347 18.232573825808423 14.000000000000025
    vertex 67.70683497010347 25.232573825808387 14.000000000000025
  endloop
endfacet
facet normal 0.7071067811865586 -0.0 0.7071067811865366
  outer loop
    vertex 68.70683497010347 25.232573825808387 12.999999999999996
    vertex 67.70683497010347 18.232573825808423 14.000000000000025
    vertex 68.70683497010347 18.232573825808423 12.999999999999996
  endloop
endfacet
facet normal 0.7071067811865586 -0.0 0.7071067811865366
  outer loop
    vertex 67.70683497010347 18.232573825808423 14.000000000000025
    vertex 68.70683497010347 25.232573825808387 12.999999999999996
    vertex 67.70683497010347 25.232573825808387 14.000000000000025
  endloop
endfacet
facet normal -0.9238795325112977 -0.38268343236506364 8.804886074869873e-19
  outer loop
    vertex 61.86775161615858 22.53257382580842 5.000000000000025
    vertex 62.02759229216597 22.146684297972453 1.127986593019159e-14
    vertex 62.02759229216597 22.146684297972453 5.000000000000025
  endloop
endfacet
facet normal -0.9238795325112977 -0.38268343236506364 8.804886074869873e-19
  outer loop
    vertex 62.02759229216597 22.146684297972453 1.127986593019159e-14
    vertex 61.86775161615858 22.53257382580842 5.000000000000025
    vertex 61.86775161615858 22.53257382580842 2.255973186038318e-14
  endloop
endfacet
facet normal -0.7933533402912126 -0.6087614290087501 0.0
  outer loop
    vertex 61.61348182000194 22.863944675706886 5.000000000000025
    vertex 61.86775161615858 22.53257382580842 2.255973186038318e-14
    vertex 61.86775161615858 22.53257382580842 5.000000000000025
  endloop
endfacet
facet normal -0.7933533402912126 -0.6087614290087501 0.0
  outer loop
    vertex 61.86775161615858 22.53257382580842 2.255973186038318e-14
    vertex 61.61348182000194 22.863944675706886 5.000000000000025
    vertex 61.61348182000194 22.863944675706886 2.255973186038318e-14
  endloop
endfacet
facet normal -0.3826834323650925 0.9238795325112857 3.0784462104623976e-18
  outer loop
    vertex 60.8962214422675 20.187092503745912 5.000000000000025
    vertex 61.28211097010347 20.346933179753318 4.511946372076636e-14
    vertex 60.8962214422675 20.187092503745912 1.127986593019159e-14
  endloop
endfacet
facet normal -0.3826834323650925 0.9238795325112857 3.0784462104623976e-18
  outer loop
    vertex 61.28211097010347 20.346933179753318 4.511946372076636e-14
    vertex 60.8962214422675 20.187092503745912 5.000000000000025
    vertex 61.28211097010347 20.346933179753318 5.0000000000000355
  endloop
endfacet
facet normal 0.7933533402912291 0.6087614290087285 -8.961532438306044e-16
  outer loop
    vertex 59.09647032404836 20.932573825808422 3.3839597790574766e-14
    vertex 59.350740120204996 20.601202975909946 5.000000000000025
    vertex 59.35074012020499 20.601202975909946 2.255973186038318e-14
  endloop
endfacet
facet normal 0.7933533402912291 0.6087614290087285 -8.961532438306044e-16
  outer loop
    vertex 59.350740120204996 20.601202975909946 5.000000000000025
    vertex 59.09647032404836 20.932573825808422 3.3839597790574766e-14
    vertex 59.09647032404836 20.932573825808422 5.000000000000025
  endloop
endfacet
facet normal -0.6087614290087096 -0.7933533402912438 -2.5604523029565817e-18
  outer loop
    vertex 61.61348182000194 22.863944675706886 5.000000000000025
    vertex 61.28211097010347 23.1182144718635 4.511946372076636e-14
    vertex 61.61348182000194 22.863944675706886 2.255973186038318e-14
  endloop
endfacet
facet normal -0.6087614290087096 -0.7933533402912438 -2.5604523029565817e-18
  outer loop
    vertex 61.28211097010347 23.1182144718635 4.511946372076636e-14
    vertex 61.61348182000194 22.863944675706886 5.000000000000025
    vertex 61.28211097010347 23.1182144718635 5.0000000000000355
  endloop
endfacet
facet normal 0.9914448613738107 0.1305261922200495 -1.1188956901875626e-15
  outer loop
    vertex 58.88211097010347 21.732573825808423 0.0
    vertex 58.93662964804097 21.31846335364439 5.000000000000002
    vertex 58.936629648040956 21.31846335364439 2.255973186038318e-14
  endloop
endfacet
facet normal 0.9914448613738107 0.1305261922200495 -1.1188956901875626e-15
  outer loop
    vertex 58.93662964804097 21.31846335364439 5.000000000000002
    vertex 58.88211097010347 21.732573825808423 0.0
    vertex 58.88211097010347 21.732573825808423 5.0000000000000355
  endloop
endfacet
facet normal 0.7933533402912165 -0.608761429008745 -8.961532438305924e-16
  outer loop
    vertex 59.35074012020499 22.863944675706886 2.255973186038318e-14
    vertex 59.09647032404836 22.532573825808424 5.000000000000025
    vertex 59.09647032404836 22.532573825808424 3.3839597790574766e-14
  endloop
endfacet
facet normal 0.7933533402912165 -0.608761429008745 -8.961532438305924e-16
  outer loop
    vertex 59.09647032404836 22.532573825808424 5.000000000000025
    vertex 59.35074012020499 22.863944675706886 2.255973186038318e-14
    vertex 59.350740120204996 22.863944675706886 5.000000000000025
  endloop
endfacet
facet normal 2.0508847145802907e-15 0.0 -1.0
  outer loop
    vertex 53.98211097010347 25.232573825808387 1.127986593019159e-14
    vertex 59.35074012020499 22.863944675706886 2.255973186038318e-14
    vertex 53.98211097010347 18.232573825808423 1.127986593019159e-14
  endloop
endfacet
facet normal 2.0508847145802907e-15 0.0 -1.0
  outer loop
    vertex 59.35074012020499 22.863944675706886 2.255973186038318e-14
    vertex 53.98211097010347 25.232573825808387 1.127986593019159e-14
    vertex 59.68211097010347 23.1182144718635 1.127986593019159e-14
  endloop
endfacet
facet normal 2.0508847145802907e-15 0.0 -1.0
  outer loop
    vertex 59.68211097010347 23.1182144718635 1.127986593019159e-14
    vertex 53.98211097010347 25.232573825808387 1.127986593019159e-14
    vertex 60.06800049793944 23.278055147870905 2.255973186038318e-14
  endloop
endfacet
facet normal 2.0508847145802907e-15 0.0 -1.0
  outer loop
    vertex 60.06800049793944 23.278055147870905 2.255973186038318e-14
    vertex 53.98211097010347 25.232573825808387 1.127986593019159e-14
    vertex 64.98211097010346 25.232573825808387 3.3839597790574766e-14
  endloop
endfacet
facet normal 2.0508847145802907e-15 0.0 -1.0
  outer loop
    vertex 53.98211097010347 18.232573825808423 1.127986593019159e-14
    vertex 59.35074012020499 22.863944675706886 2.255973186038318e-14
    vertex 59.09647032404836 22.532573825808424 3.3839597790574766e-14
  endloop
endfacet
facet normal 2.0508847145802907e-15 0.0 -1.0
  outer loop
    vertex 53.98211097010347 18.232573825808423 1.127986593019159e-14
    vertex 59.09647032404836 22.532573825808424 3.3839597790574766e-14
    vertex 58.936629648040956 22.146684297972456 2.255973186038318e-14
  endloop
endfacet
facet normal 2.0508847145802907e-15 0.0 -1.0
  outer loop
    vertex 53.98211097010347 18.232573825808423 1.127986593019159e-14
    vertex 58.936629648040956 22.146684297972456 2.255973186038318e-14
    vertex 58.88211097010347 21.732573825808423 0.0
  endloop
endfacet
facet normal 2.0508847145802907e-15 0.0 -1.0
  outer loop
    vertex 60.06800049793944 23.278055147870905 2.255973186038318e-14
    vertex 64.98211097010346 25.232573825808387 3.3839597790574766e-14
    vertex 60.48211097010347 23.33257382580839 4.511946372076636e-14
  endloop
endfacet
facet normal 2.0508847145802907e-15 0.0 -1.0
  outer loop
    vertex 60.48211097010347 23.33257382580839 4.511946372076636e-14
    vertex 64.98211097010346 25.232573825808387 3.3839597790574766e-14
    vertex 60.8962214422675 23.278055147870894 1.127986593019159e-14
  endloop
endfacet
facet normal 2.0508847145802907e-15 0.0 -1.0
  outer loop
    vertex 60.8962214422675 23.278055147870894 1.127986593019159e-14
    vertex 64.98211097010346 25.232573825808387 3.3839597790574766e-14
    vertex 61.28211097010347 23.1182144718635 4.511946372076636e-14
  endloop
endfacet
facet normal 2.0508847145802907e-15 0.0 -1.0
  outer loop
    vertex 61.28211097010347 23.1182144718635 4.511946372076636e-14
    vertex 64.98211097010346 25.232573825808387 3.3839597790574766e-14
    vertex 61.61348182000194 22.863944675706886 2.255973186038318e-14
  endloop
endfacet
facet normal 2.0508847145802907e-15 0.0 -1.0
  outer loop
    vertex 61.61348182000194 22.863944675706886 2.255973186038318e-14
    vertex 64.98211097010346 25.232573825808387 3.3839597790574766e-14
    vertex 61.86775161615858 22.53257382580842 2.255973186038318e-14
  endloop
endfacet
facet normal 2.0508847145802907e-15 0.0 -1.0
  outer loop
    vertex 61.86775161615858 22.53257382580842 2.255973186038318e-14
    vertex 64.98211097010346 25.232573825808387 3.3839597790574766e-14
    vertex 62.02759229216597 22.146684297972453 1.127986593019159e-14
  endloop
endfacet
facet normal 2.0508847145802907e-15 0.0 -1.0
  outer loop
    vertex 62.02759229216597 22.146684297972453 1.127986593019159e-14
    vertex 64.98211097010346 25.232573825808387 3.3839597790574766e-14
    vertex 62.082110970103464 21.732573825808423 2.255973186038318e-14
  endloop
endfacet
facet normal 2.0508847145802907e-15 0.0 -1.0
  outer loop
    vertex 53.98211097010347 18.232573825808423 1.127986593019159e-14
    vertex 60.06800049793944 20.187092503745912 2.255973186038318e-14
    vertex 64.98211097010346 18.232573825808423 3.3839597790574766e-14
  endloop
endfacet
facet normal 2.0508847145802907e-15 0.0 -1.0
  outer loop
    vertex 60.06800049793944 20.187092503745912 2.255973186038318e-14
    vertex 53.98211097010347 18.232573825808423 1.127986593019159e-14
    vertex 59.68211097010347 20.346933179753318 1.127986593019159e-14
  endloop
endfacet
facet normal 2.0508847145802907e-15 0.0 -1.0
  outer loop
    vertex 59.68211097010347 20.346933179753318 1.127986593019159e-14
    vertex 53.98211097010347 18.232573825808423 1.127986593019159e-14
    vertex 59.35074012020499 20.601202975909946 2.255973186038318e-14
  endloop
endfacet
facet normal 2.0508847145802907e-15 0.0 -1.0
  outer loop
    vertex 59.35074012020499 20.601202975909946 2.255973186038318e-14
    vertex 53.98211097010347 18.232573825808423 1.127986593019159e-14
    vertex 59.09647032404836 20.932573825808422 3.3839597790574766e-14
  endloop
endfacet
facet normal 2.0508847145802907e-15 0.0 -1.0
  outer loop
    vertex 59.09647032404836 20.932573825808422 3.3839597790574766e-14
    vertex 53.98211097010347 18.232573825808423 1.127986593019159e-14
    vertex 58.936629648040956 21.31846335364439 2.255973186038318e-14
  endloop
endfacet
facet normal 2.0508847145802907e-15 0.0 -1.0
  outer loop
    vertex 58.936629648040956 21.31846335364439 2.255973186038318e-14
    vertex 53.98211097010347 18.232573825808423 1.127986593019159e-14
    vertex 58.88211097010347 21.732573825808423 0.0
  endloop
endfacet
facet normal 2.0508847145802907e-15 0.0 -1.0
  outer loop
    vertex 64.98211097010346 18.232573825808423 3.3839597790574766e-14
    vertex 60.06800049793944 20.187092503745912 2.255973186038318e-14
    vertex 60.48211097010347 20.13257382580842 4.511946372076636e-14
  endloop
endfacet
facet normal 2.0508847145802907e-15 0.0 -1.0
  outer loop
    vertex 64.98211097010346 18.232573825808423 3.3839597790574766e-14
    vertex 60.48211097010347 20.13257382580842 4.511946372076636e-14
    vertex 60.8962214422675 20.187092503745912 1.127986593019159e-14
  endloop
endfacet
facet normal 2.0508847145802907e-15 0.0 -1.0
  outer loop
    vertex 64.98211097010346 18.232573825808423 3.3839597790574766e-14
    vertex 60.8962214422675 20.187092503745912 1.127986593019159e-14
    vertex 61.28211097010347 20.346933179753318 4.511946372076636e-14
  endloop
endfacet
facet normal 2.0508847145802907e-15 0.0 -1.0
  outer loop
    vertex 64.98211097010346 18.232573825808423 3.3839597790574766e-14
    vertex 61.28211097010347 20.346933179753318 4.511946372076636e-14
    vertex 61.61348182000194 20.601202975909946 2.255973186038318e-14
  endloop
endfacet
facet normal 2.0508847145802907e-15 0.0 -1.0
  outer loop
    vertex 64.98211097010346 18.232573825808423 3.3839597790574766e-14
    vertex 61.61348182000194 20.601202975909946 2.255973186038318e-14
    vertex 61.867751616158564 20.93257382580842 2.255973186038318e-14
  endloop
endfacet
facet normal 2.0508847145802907e-15 0.0 -1.0
  outer loop
    vertex 64.98211097010346 18.232573825808423 3.3839597790574766e-14
    vertex 61.867751616158564 20.93257382580842 2.255973186038318e-14
    vertex 62.02759229216597 21.318463353644386 1.127986593019159e-14
  endloop
endfacet
facet normal 2.0508847145802907e-15 0.0 -1.0
  outer loop
    vertex 64.98211097010346 18.232573825808423 3.3839597790574766e-14
    vertex 62.02759229216597 21.318463353644386 1.127986593019159e-14
    vertex 62.082110970103464 21.732573825808423 2.255973186038318e-14
  endloop
endfacet
facet normal 2.0508847145802907e-15 0.0 -1.0
  outer loop
    vertex 64.98211097010346 18.232573825808423 3.3839597790574766e-14
    vertex 62.082110970103464 21.732573825808423 2.255973186038318e-14
    vertex 64.98211097010346 25.232573825808387 3.3839597790574766e-14
  endloop
endfacet
facet normal 0.38268343236509256 0.9238795325112857 0.0
  outer loop
    vertex 59.68211097010347 20.346933179753318 5.000000000000025
    vertex 60.06800049793944 20.187092503745912 2.255973186038318e-14
    vertex 59.68211097010347 20.346933179753318 1.127986593019159e-14
  endloop
endfacet
facet normal 0.38268343236509256 0.9238795325112857 0.0
  outer loop
    vertex 60.06800049793944 20.187092503745912 2.255973186038318e-14
    vertex 59.68211097010347 20.346933179753318 5.000000000000025
    vertex 60.06800049793944 20.187092503745912 5.000000000000013
  endloop
endfacet
facet normal 0.13052619222003622 -0.9914448613738125 -3.923396189969716e-19
  outer loop
    vertex 60.48211097010347 23.33257382580839 4.511946372076636e-14
    vertex 60.06800049793944 23.278055147870905 5.000000000000013
    vertex 60.06800049793944 23.278055147870905 2.255973186038318e-14
  endloop
endfacet
facet normal 0.13052619222003622 -0.9914448613738125 -3.923396189969716e-19
  outer loop
    vertex 60.06800049793944 23.278055147870905 5.000000000000013
    vertex 60.48211097010347 23.33257382580839 4.511946372076636e-14
    vertex 60.48211097010347 23.33257382580839 5.0000000000000355
  endloop
endfacet
facet normal 0.3826834323650867 -0.9238795325112881 0.0
  outer loop
    vertex 60.06800049793944 23.278055147870905 2.255973186038318e-14
    vertex 59.68211097010347 23.1182144718635 5.000000000000025
    vertex 59.68211097010347 23.1182144718635 1.127986593019159e-14
  endloop
endfacet
facet normal 0.3826834323650867 -0.9238795325112881 0.0
  outer loop
    vertex 59.68211097010347 23.1182144718635 5.000000000000025
    vertex 60.06800049793944 23.278055147870905 2.255973186038318e-14
    vertex 60.06800049793944 23.278055147870905 5.000000000000013
  endloop
endfacet
facet normal 0.6087614290087199 0.7933533402912357 -6.870462597809486e-16
  outer loop
    vertex 59.35074012020499 20.601202975909946 2.255973186038318e-14
    vertex 59.68211097010347 20.346933179753318 5.000000000000025
    vertex 59.68211097010347 20.346933179753318 1.127986593019159e-14
  endloop
endfacet
facet normal 0.6087614290087199 0.7933533402912357 -6.870462597809486e-16
  outer loop
    vertex 59.68211097010347 20.346933179753318 5.000000000000025
    vertex 59.35074012020499 20.601202975909946 2.255973186038318e-14
    vertex 59.350740120204996 20.601202975909946 5.000000000000025
  endloop
endfacet
facet normal -0.6087614290087265 0.7933533402912308 -3.4070083255865814e-19
  outer loop
    vertex 61.28211097010347 20.346933179753318 4.511946372076636e-14
    vertex 61.61348182000194 20.601202975909946 5.000000000000025
    vertex 61.61348182000194 20.601202975909946 2.255973186038318e-14
  endloop
endfacet
facet normal -0.6087614290087265 0.7933533402912308 -3.4070083255865814e-19
  outer loop
    vertex 61.61348182000194 20.601202975909946 5.000000000000025
    vertex 61.28211097010347 20.346933179753318 4.511946372076636e-14
    vertex 61.28211097010347 20.346933179753318 5.0000000000000355
  endloop
endfacet
facet normal -1.0 0.0 8.676819946301189e-16
  outer loop
    vertex 53.98211097010348 25.232573825808387 13.000000000000064
    vertex 53.98211097010347 18.232573825808423 1.127986593019159e-14
    vertex 53.98211097010348 18.232573825808423 13.000000000000064
  endloop
endfacet
facet normal -1.0 0.0 8.676819946301189e-16
  outer loop
    vertex 53.98211097010347 18.232573825808423 1.127986593019159e-14
    vertex 53.98211097010348 25.232573825808387 13.000000000000064
    vertex 53.98211097010347 25.232573825808387 1.127986593019159e-14
  endloop
endfacet
facet normal -0.7933533402912332 0.6087614290087232 2.3296254224624924e-18
  outer loop
    vertex 61.867751616158564 20.93257382580842 5.0000000000000355
    vertex 61.61348182000194 20.601202975909946 2.255973186038318e-14
    vertex 61.61348182000194 20.601202975909946 5.000000000000025
  endloop
endfacet
facet normal -0.7933533402912332 0.6087614290087232 2.3296254224624924e-18
  outer loop
    vertex 61.61348182000194 20.601202975909946 2.255973186038318e-14
    vertex 61.867751616158564 20.93257382580842 5.0000000000000355
    vertex 61.867751616158564 20.93257382580842 2.255973186038318e-14
  endloop
endfacet
facet normal 0.0 -1.0 0.0
  outer loop
    vertex 64.98211097010348 18.232573825808423 5.0000000000000355
    vertex 55.98211097010348 18.232573825808423 5.000000000000025
    vertex 64.98211097010346 18.232573825808423 3.3839597790574766e-14
  endloop
endfacet
facet normal 0.0 -1.0 0.0
  outer loop
    vertex 53.98211097010347 18.232573825808423 1.127986593019159e-14
    vertex 55.98211097010348 18.232573825808423 5.000000000000025
    vertex 53.98211097010348 18.232573825808423 13.000000000000064
  endloop
endfacet
facet normal 0.0 -1.0 0.0
  outer loop
    vertex 55.98211097010348 18.232573825808423 5.000000000000025
    vertex 53.98211097010347 18.232573825808423 1.127986593019159e-14
    vertex 64.98211097010346 18.232573825808423 3.3839597790574766e-14
  endloop
endfacet
facet normal 0.0 -1.0 0.0
  outer loop
    vertex 53.98211097010348 18.232573825808423 13.000000000000064
    vertex 55.98211097010348 18.232573825808423 5.000000000000025
    vertex 55.98211097010348 18.232573825808423 13.000000000000007
  endloop
endfacet
facet normal 0.0 -1.0 0.0
  outer loop
    vertex 53.98211097010348 18.232573825808423 13.000000000000064
    vertex 55.98211097010348 18.232573825808423 13.000000000000007
    vertex 54.98211097010348 18.232573825808423 14.000000000000036
  endloop
endfacet
facet normal 0.9238795325112927 0.3826834323650752 -1.0429729678184035e-15
  outer loop
    vertex 58.936629648040956 21.31846335364439 2.255973186038318e-14
    vertex 59.09647032404836 20.932573825808422 5.000000000000025
    vertex 59.09647032404836 20.932573825808422 3.3839597790574766e-14
  endloop
endfacet
facet normal 0.9238795325112927 0.3826834323650752 -1.0429729678184035e-15
  outer loop
    vertex 59.09647032404836 20.932573825808422 5.000000000000025
    vertex 58.936629648040956 21.31846335364439 2.255973186038318e-14
    vertex 58.93662964804097 21.31846335364439 5.000000000000002
  endloop
endfacet
facet normal 0.13052619222004946 0.9914448613738107 -3.923396190020218e-19
  outer loop
    vertex 60.06800049793944 20.187092503745912 5.000000000000013
    vertex 60.48211097010347 20.13257382580842 4.511946372076636e-14
    vertex 60.06800049793944 20.187092503745912 2.255973186038318e-14
  endloop
endfacet
facet normal 0.13052619222004946 0.9914448613738107 -3.923396190020218e-19
  outer loop
    vertex 60.48211097010347 20.13257382580842 4.511946372076636e-14
    vertex 60.06800049793944 20.187092503745912 5.000000000000013
    vertex 60.48211097010347 20.13257382580842 5.0000000000000355
  endloop
endfacet
facet normal -0.1305261922200495 0.9914448613738107 -2.7135752840293615e-20
  outer loop
    vertex 60.48211097010347 20.13257382580842 4.511946372076636e-14
    vertex 60.8962214422675 20.187092503745912 5.000000000000025
    vertex 60.8962214422675 20.187092503745912 1.127986593019159e-14
  endloop
endfacet
facet normal -0.1305261922200495 0.9914448613738107 -2.7135752840293615e-20
  outer loop
    vertex 60.8962214422675 20.187092503745912 5.000000000000025
    vertex 60.48211097010347 20.13257382580842 4.511946372076636e-14
    vertex 60.48211097010347 20.13257382580842 5.0000000000000355
  endloop
endfacet
facet normal -0.9238795325112881 0.3826834323650867 -8.23978121587114e-19
  outer loop
    vertex 62.02759229216597 21.318463353644386 5.000000000000025
    vertex 61.867751616158564 20.93257382580842 2.255973186038318e-14
    vertex 61.867751616158564 20.93257382580842 5.0000000000000355
  endloop
endfacet
facet normal -0.9238795325112881 0.3826834323650867 -8.23978121587114e-19
  outer loop
    vertex 61.867751616158564 20.93257382580842 2.255973186038318e-14
    vertex 62.02759229216597 21.318463353644386 5.000000000000025
    vertex 62.02759229216597 21.318463353644386 1.127986593019159e-14
  endloop
endfacet
facet normal -0.9914448613738089 -0.1305261922200628 0.0
  outer loop
    vertex 62.02759229216597 22.146684297972453 5.000000000000025
    vertex 62.082110970103464 21.732573825808423 2.255973186038318e-14
    vertex 62.082110970103464 21.732573825808423 5.000000000000013
  endloop
endfacet
facet normal -0.9914448613738089 -0.1305261922200628 0.0
  outer loop
    vertex 62.082110970103464 21.732573825808423 2.255973186038318e-14
    vertex 62.02759229216597 22.146684297972453 5.000000000000025
    vertex 62.02759229216597 22.146684297972453 1.127986593019159e-14
  endloop
endfacet
facet normal -0.9914448613738092 0.1305261922200619 0.0
  outer loop
    vertex 62.082110970103464 21.732573825808423 5.000000000000013
    vertex 62.02759229216597 21.318463353644386 1.127986593019159e-14
    vertex 62.02759229216597 21.318463353644386 5.000000000000025
  endloop
endfacet
facet normal -0.9914448613738092 0.1305261922200619 0.0
  outer loop
    vertex 62.02759229216597 21.318463353644386 1.127986593019159e-14
    vertex 62.082110970103464 21.732573825808423 5.000000000000013
    vertex 62.082110970103464 21.732573825808423 2.255973186038318e-14
  endloop
endfacet
facet normal 0.9914448613738109 -0.1305261922200486 -1.118895690187563e-15
  outer loop
    vertex 58.936629648040956 22.146684297972456 2.255973186038318e-14
    vertex 58.88211097010347 21.732573825808423 5.0000000000000355
    vertex 58.88211097010347 21.732573825808423 0.0
  endloop
endfacet
facet normal 0.9914448613738109 -0.1305261922200486 -1.118895690187563e-15
  outer loop
    vertex 58.88211097010347 21.732573825808423 5.0000000000000355
    vertex 58.936629648040956 22.146684297972456 2.255973186038318e-14
    vertex 58.93662964804097 22.146684297972456 5.000000000000002
  endloop
endfacet
facet normal -0.1305261922200628 -0.9914448613738089 3.1961409320234735e-19
  outer loop
    vertex 60.8962214422675 23.278055147870894 5.000000000000025
    vertex 60.48211097010347 23.33257382580839 4.511946372076636e-14
    vertex 60.8962214422675 23.278055147870894 1.127986593019159e-14
  endloop
endfacet
facet normal -0.1305261922200628 -0.9914448613738089 3.1961409320234735e-19
  outer loop
    vertex 60.48211097010347 23.33257382580839 4.511946372076636e-14
    vertex 60.8962214422675 23.278055147870894 5.000000000000025
    vertex 60.48211097010347 23.33257382580839 5.0000000000000355
  endloop
endfacet
facet normal 0.0 1.0 0.0
  outer loop
    vertex 53.98211097010347 25.232573825808387 1.127986593019159e-14
    vertex 55.98211097010348 25.232573825808387 5.000000000000025
    vertex 64.98211097010346 25.232573825808387 3.3839597790574766e-14
  endloop
endfacet
facet normal 0.0 1.0 0.0
  outer loop
    vertex 55.98211097010348 25.232573825808387 5.000000000000025
    vertex 53.98211097010347 25.232573825808387 1.127986593019159e-14
    vertex 53.98211097010348 25.232573825808387 13.000000000000064
  endloop
endfacet
facet normal 0.0 1.0 0.0
  outer loop
    vertex 55.98211097010348 25.232573825808387 5.000000000000025
    vertex 53.98211097010348 25.232573825808387 13.000000000000064
    vertex 55.98211097010348 25.232573825808387 13.000000000000007
  endloop
endfacet
facet normal 0.0 1.0 0.0
  outer loop
    vertex 55.98211097010348 25.232573825808387 13.000000000000007
    vertex 53.98211097010348 25.232573825808387 13.000000000000064
    vertex 54.98211097010348 25.232573825808387 14.000000000000036
  endloop
endfacet
facet normal 0.0 1.0 0.0
  outer loop
    vertex 64.98211097010348 25.232573825808387 5.0000000000000355
    vertex 64.98211097010346 25.232573825808387 3.3839597790574766e-14
    vertex 55.98211097010348 25.232573825808387 5.000000000000025
  endloop
endfacet
facet normal 1.0 0.0 0.0
  outer loop
    vertex 55.98211097010348 25.232573825808387 5.000000000000025
    vertex 55.98211097010348 18.232573825808423 13.000000000000007
    vertex 55.98211097010348 18.232573825808423 5.000000000000025
  endloop
endfacet
facet normal 1.0 0.0 0.0
  outer loop
    vertex 55.98211097010348 18.232573825808423 13.000000000000007
    vertex 55.98211097010348 25.232573825808387 5.000000000000025
    vertex 55.98211097010348 25.232573825808387 13.000000000000007
  endloop
endfacet
facet normal -0.38268343236506364 -0.9238795325112975 4.934908738847206e-19
  outer loop
    vertex 61.28211097010347 23.1182144718635 4.511946372076636e-14
    vertex 60.8962214422675 23.278055147870894 5.000000000000025
    vertex 60.8962214422675 23.278055147870894 1.127986593019159e-14
  endloop
endfacet
facet normal -0.38268343236506364 -0.9238795325112975 4.934908738847206e-19
  outer loop
    vertex 60.8962214422675 23.278055147870894 5.000000000000025
    vertex 61.28211097010347 23.1182144718635 4.511946372076636e-14
    vertex 61.28211097010347 23.1182144718635 5.0000000000000355
  endloop
endfacet
facet normal 0.9238795325112927 -0.3826834323650752 -1.0429729678184035e-15
  outer loop
    vertex 59.09647032404836 22.532573825808424 3.3839597790574766e-14
    vertex 58.93662964804097 22.146684297972456 5.000000000000002
    vertex 58.936629648040956 22.146684297972456 2.255973186038318e-14
  endloop
endfacet
facet normal 0.9238795325112927 -0.3826834323650752 -1.0429729678184035e-15
  outer loop
    vertex 58.93662964804097 22.146684297972456 5.000000000000002
    vertex 59.09647032404836 22.532573825808424 3.3839597790574766e-14
    vertex 59.09647032404836 22.532573825808424 5.000000000000025
  endloop
endfacet
facet normal 1.0 0.0 -2.255973186038317e-15
  outer loop
    vertex 64.98211097010346 25.232573825808387 3.3839597790574766e-14
    vertex 64.98211097010348 18.232573825808423 5.0000000000000355
    vertex 64.98211097010346 18.232573825808423 3.3839597790574766e-14
  endloop
endfacet
facet normal 1.0 0.0 -2.255973186038317e-15
  outer loop
    vertex 64.98211097010348 18.232573825808423 5.0000000000000355
    vertex 64.98211097010346 25.232573825808387 3.3839597790574766e-14
    vertex 64.98211097010348 25.232573825808387 5.0000000000000355
  endloop
endfacet
facet normal -0.7071067811865386 0.0 0.7071067811865565
  outer loop
    vertex 54.98211097010348 18.232573825808423 14.000000000000036
    vertex 53.98211097010348 25.232573825808387 13.000000000000064
    vertex 53.98211097010348 18.232573825808423 13.000000000000064
  endloop
endfacet
facet normal -0.7071067811865386 0.0 0.7071067811865565
  outer loop
    vertex 53.98211097010348 25.232573825808387 13.000000000000064
    vertex 54.98211097010348 18.232573825808423 14.000000000000036
    vertex 54.98211097010348 25.232573825808387 14.000000000000036
  endloop
endfacet
facet normal 0.6087614290087029 -0.7933533402912488 -6.848265083105274e-16
  outer loop
    vertex 59.68211097010347 23.1182144718635 5.000000000000025
    vertex 59.35074012020499 22.863944675706886 2.255973186038318e-14
    vertex 59.68211097010347 23.1182144718635 1.127986593019159e-14
  endloop
endfacet
facet normal 0.6087614290087029 -0.7933533402912488 -6.848265083105274e-16
  outer loop
    vertex 59.35074012020499 22.863944675706886 2.255973186038318e-14
    vertex 59.68211097010347 23.1182144718635 5.000000000000025
    vertex 59.350740120204996 22.863944675706886 5.000000000000025
  endloop
endfacet
facet normal -1.2533184366879554e-15 0.0 1.0
  outer loop
    vertex 55.98211097010348 18.232573825808423 5.000000000000025
    vertex 59.09647032404836 20.932573825808422 5.000000000000025
    vertex 55.98211097010348 25.232573825808387 5.000000000000025
  endloop
endfacet
facet normal -1.2533184366879554e-15 0.0 1.0
  outer loop
    vertex 59.09647032404836 20.932573825808422 5.000000000000025
    vertex 55.98211097010348 18.232573825808423 5.000000000000025
    vertex 59.350740120204996 20.601202975909946 5.000000000000025
  endloop
endfacet
facet normal -1.2533184366879554e-15 0.0 1.0
  outer loop
    vertex 59.350740120204996 20.601202975909946 5.000000000000025
    vertex 55.98211097010348 18.232573825808423 5.000000000000025
    vertex 59.68211097010347 20.346933179753318 5.000000000000025
  endloop
endfacet
facet normal -1.2533184366879554e-15 0.0 1.0
  outer loop
    vertex 59.68211097010347 20.346933179753318 5.000000000000025
    vertex 55.98211097010348 18.232573825808423 5.000000000000025
    vertex 60.06800049793944 20.187092503745912 5.000000000000013
  endloop
endfacet
facet normal -1.2533184366879554e-15 0.0 1.0
  outer loop
    vertex 60.06800049793944 20.187092503745912 5.000000000000013
    vertex 55.98211097010348 18.232573825808423 5.000000000000025
    vertex 64.98211097010348 18.232573825808423 5.0000000000000355
  endloop
endfacet
facet normal -1.2533184366879554e-15 0.0 1.0
  outer loop
    vertex 55.98211097010348 25.232573825808387 5.000000000000025
    vertex 59.09647032404836 20.932573825808422 5.000000000000025
    vertex 58.93662964804097 21.31846335364439 5.000000000000002
  endloop
endfacet
facet normal -1.2533184366879554e-15 0.0 1.0
  outer loop
    vertex 55.98211097010348 25.232573825808387 5.000000000000025
    vertex 58.93662964804097 21.31846335364439 5.000000000000002
    vertex 58.88211097010347 21.732573825808423 5.0000000000000355
  endloop
endfacet
facet normal -1.2533184366879554e-15 0.0 1.0
  outer loop
    vertex 60.06800049793944 20.187092503745912 5.000000000000013
    vertex 64.98211097010348 18.232573825808423 5.0000000000000355
    vertex 60.48211097010347 20.13257382580842 5.0000000000000355
  endloop
endfacet
facet normal -1.2533184366879554e-15 0.0 1.0
  outer loop
    vertex 60.48211097010347 20.13257382580842 5.0000000000000355
    vertex 64.98211097010348 18.232573825808423 5.0000000000000355
    vertex 60.8962214422675 20.187092503745912 5.000000000000025
  endloop
endfacet
facet normal -1.2533184366879554e-15 0.0 1.0
  outer loop
    vertex 60.8962214422675 20.187092503745912 5.000000000000025
    vertex 64.98211097010348 18.232573825808423 5.0000000000000355
    vertex 61.28211097010347 20.346933179753318 5.0000000000000355
  endloop
endfacet
facet normal -1.2533184366879554e-15 0.0 1.0
  outer loop
    vertex 61.28211097010347 20.346933179753318 5.0000000000000355
    vertex 64.98211097010348 18.232573825808423 5.0000000000000355
    vertex 61.61348182000194 20.601202975909946 5.000000000000025
  endloop
endfacet
facet normal -1.2533184366879554e-15 0.0 1.0
  outer loop
    vertex 61.61348182000194 20.601202975909946 5.000000000000025
    vertex 64.98211097010348 18.232573825808423 5.0000000000000355
    vertex 61.867751616158564 20.93257382580842 5.0000000000000355
  endloop
endfacet
facet normal -1.2533184366879554e-15 0.0 1.0
  outer loop
    vertex 61.867751616158564 20.93257382580842 5.0000000000000355
    vertex 64.98211097010348 18.232573825808423 5.0000000000000355
    vertex 62.02759229216597 21.318463353644386 5.000000000000025
  endloop
endfacet
facet normal -1.2533184366879554e-15 0.0 1.0
  outer loop
    vertex 62.02759229216597 21.318463353644386 5.000000000000025
    vertex 64.98211097010348 18.232573825808423 5.0000000000000355
    vertex 62.082110970103464 21.732573825808423 5.000000000000013
  endloop
endfacet
facet normal -1.2533184366879554e-15 0.0 1.0
  outer loop
    vertex 55.98211097010348 25.232573825808387 5.000000000000025
    vertex 60.06800049793944 23.278055147870905 5.000000000000013
    vertex 64.98211097010348 25.232573825808387 5.0000000000000355
  endloop
endfacet
facet normal -1.2533184366879554e-15 0.0 1.0
  outer loop
    vertex 60.06800049793944 23.278055147870905 5.000000000000013
    vertex 55.98211097010348 25.232573825808387 5.000000000000025
    vertex 59.68211097010347 23.1182144718635 5.000000000000025
  endloop
endfacet
facet normal -1.2533184366879554e-15 0.0 1.0
  outer loop
    vertex 59.68211097010347 23.1182144718635 5.000000000000025
    vertex 55.98211097010348 25.232573825808387 5.000000000000025
    vertex 59.350740120204996 22.863944675706886 5.000000000000025
  endloop
endfacet
facet normal -1.2533184366879554e-15 0.0 1.0
  outer loop
    vertex 59.350740120204996 22.863944675706886 5.000000000000025
    vertex 55.98211097010348 25.232573825808387 5.000000000000025
    vertex 59.09647032404836 22.532573825808424 5.000000000000025
  endloop
endfacet
facet normal -1.2533184366879554e-15 0.0 1.0
  outer loop
    vertex 59.09647032404836 22.532573825808424 5.000000000000025
    vertex 55.98211097010348 25.232573825808387 5.000000000000025
    vertex 58.93662964804097 22.146684297972456 5.000000000000002
  endloop
endfacet
facet normal -1.2533184366879554e-15 0.0 1.0
  outer loop
    vertex 58.93662964804097 22.146684297972456 5.000000000000002
    vertex 55.98211097010348 25.232573825808387 5.000000000000025
    vertex 58.88211097010347 21.732573825808423 5.0000000000000355
  endloop
endfacet
facet normal -1.2533184366879554e-15 0.0 1.0
  outer loop
    vertex 64.98211097010348 25.232573825808387 5.0000000000000355
    vertex 60.06800049793944 23.278055147870905 5.000000000000013
    vertex 60.48211097010347 23.33257382580839 5.0000000000000355
  endloop
endfacet
facet normal -1.2533184366879554e-15 0.0 1.0
  outer loop
    vertex 64.98211097010348 25.232573825808387 5.0000000000000355
    vertex 60.48211097010347 23.33257382580839 5.0000000000000355
    vertex 60.8962214422675 23.278055147870894 5.000000000000025
  endloop
endfacet
facet normal -1.2533184366879554e-15 0.0 1.0
  outer loop
    vertex 64.98211097010348 25.232573825808387 5.0000000000000355
    vertex 60.8962214422675 23.278055147870894 5.000000000000025
    vertex 61.28211097010347 23.1182144718635 5.0000000000000355
  endloop
endfacet
facet normal -1.2533184366879554e-15 0.0 1.0
  outer loop
    vertex 64.98211097010348 25.232573825808387 5.0000000000000355
    vertex 61.28211097010347 23.1182144718635 5.0000000000000355
    vertex 61.61348182000194 22.863944675706886 5.000000000000025
  endloop
endfacet
facet normal -1.2533184366879554e-15 0.0 1.0
  outer loop
    vertex 64.98211097010348 25.232573825808387 5.0000000000000355
    vertex 61.61348182000194 22.863944675706886 5.000000000000025
    vertex 61.86775161615858 22.53257382580842 5.000000000000025
  endloop
endfacet
facet normal -1.2533184366879554e-15 0.0 1.0
  outer loop
    vertex 64.98211097010348 25.232573825808387 5.0000000000000355
    vertex 61.86775161615858 22.53257382580842 5.000000000000025
    vertex 62.02759229216597 22.146684297972453 5.000000000000025
  endloop
endfacet
facet normal -1.2533184366879554e-15 0.0 1.0
  outer loop
    vertex 64.98211097010348 25.232573825808387 5.0000000000000355
    vertex 62.02759229216597 22.146684297972453 5.000000000000025
    vertex 62.082110970103464 21.732573825808423 5.000000000000013
  endloop
endfacet
facet normal -1.2533184366879554e-15 0.0 1.0
  outer loop
    vertex 64.98211097010348 25.232573825808387 5.0000000000000355
    vertex 62.082110970103464 21.732573825808423 5.000000000000013
    vertex 64.98211097010348 18.232573825808423 5.0000000000000355
  endloop
endfacet
facet normal 0.7071067811865586 0.0 0.7071067811865366
  outer loop
    vertex 55.98211097010348 25.232573825808387 13.000000000000007
    vertex 54.98211097010348 18.232573825808423 14.000000000000036
    vertex 55.98211097010348 18.232573825808423 13.000000000000007
  endloop
endfacet
facet normal 0.7071067811865586 0.0 0.7071067811865366
  outer loop
    vertex 54.98211097010348 18.232573825808423 14.000000000000036
    vertex 55.98211097010348 25.232573825808387 13.000000000000007
    vertex 54.98211097010348 25.232573825808387 14.000000000000036
  endloop
endfacet
endsolid DCDC spacer
